trait	lead_chr	lead_snp	lead_bp	chr	pos	snp	R2
bald12.bt	1	rs10797342	2797856	1	2797856	rs10797342	1
bald12.bt	1	rs10797342	2797856	1	2798335	rs1563473	0.992263
bald12.bt	1	rs10797342	2797856	1	2799047	rs2377038	0.986904
bald12.bt	1	rs60449700	10752990	1	10752990	rs60449700	1
bald12.bt	1	rs60449700	10752990	1	10752717	rs116326106	0.982808
bald12.bt	1	rs11121667	11038476	1	11038476	rs11121667	1
bald12.bt	1	rs11121667	11038476	1	11036935	rs6694011	0.995844
bald12.bt	1	rs11121667	11038476	1	11037051	rs6685766	0.997229
bald12.bt	1	rs11121667	11038476	1	11037136	rs6696575	0.997921
bald12.bt	1	rs11121667	11038476	1	11037434	rs112115136	0.989656
bald12.bt	1	rs11121667	11038476	1	11039048	rs33999286	0.993086
bald12.bt	1	rs11121667	11038476	1	11040069	rs7542053	0.998612
bald12.bt	1	rs11121667	11038476	1	11040193	rs7542158	0.998612
bald12.bt	1	rs11121667	11038476	1	11040223	rs7542164	0.998612
bald12.bt	1	rs11121667	11038476	1	11040385	rs7542354	0.998612
bald12.bt	1	rs11121667	11038476	1	11040979	rs10864486	0.991678
bald12.bt	1	rs12735622	25465981	1	25465981	rs12735622	1
bald12.bt	1	rs11211540	47950551	1	47950551	rs11211540	1
bald12.bt	1	rs11211540	47950551	1	47947752	rs7520501	0.998385
bald12.bt	1	rs11211540	47950551	1	47948116	rs7537074	0.998385
bald12.bt	1	rs11211540	47950551	1	47948618	rs7539808	0.997575
bald12.bt	1	rs11211540	47950551	1	47949504	rs12057975	0.997575
bald12.bt	1	rs11211540	47950551	1	47949839	rs12073605	0.995957
bald12.bt	1	rs11211540	47950551	1	47951688	rs11800497	0.994347
bald12.bt	1	rs11211540	47950551	1	47952266	rs1337524	0.995163
bald12.bt	1	rs11211540	47950551	1	47954233	rs11211542	0.990367
bald12.bt	1	rs2784128	50862183	1	50862183	rs2784128	1
bald12.bt	1	rs2784128	50862183	1	50862738	rs4024597	0.999319
bald12.bt	1	rs2784128	50862183	1	50862893	rs2653876	0.999319
bald12.bt	1	rs2784128	50862183	1	50862994	rs2653875	0.997962
bald12.bt	1	rs2784128	50862183	1	50863012	rs2653874	0.997283
bald12.bt	1	rs2784128	50862183	1	50863031	rs2784127	0.997961
bald12.bt	1	rs2784128	50862183	1	50863112	rs2784126	0.997962
bald12.bt	1	rs2784128	50862183	1	50863159	rs2484682	0.997283
bald12.bt	1	rs2784128	50862183	1	50863166	rs2484681	0.997283
bald12.bt	1	rs17023135	119581151	1	119581151	rs17023135	1
bald12.bt	2	rs34113782	30591002	2	30591002	rs34113782	1
bald12.bt	2	rs34113782	30591002	2	30590774	rs12714305	0.995326
bald12.bt	2	rs34113782	30591002	2	30591007	rs35533091	0.991607
bald12.bt	2	rs113017476	31989359	2	31989359	rs113017476	1
bald12.bt	2	rs11678176	42202161	2	42202161	rs11678176	1
bald12.bt	2	rs17402905	60660308	2	60660308	rs17402905	1
bald12.bt	2	rs17402905	60660308	2	60655679	rs10490070	0.993651
bald12.bt	2	rs17402905	60660308	2	60656492	rs7558101	0.993644
bald12.bt	2	rs17402905	60660308	2	60660249	rs35355441	0.998409
bald12.bt	2	rs17402905	60660308	2	60660522	rs17402912	0.998409
bald12.bt	2	rs17402905	60660308	2	60661716	rs56171706	1
bald12.bt	2	rs17402905	60660308	2	60663709	rs12467056	0.996827
bald12.bt	2	rs6731529	67687629	2	67687629	rs6731529	1
bald12.bt	2	rs1393823	68082046	2	68082046	rs1393823	1
bald12.bt	2	rs1882622	144566336	2	144566336	rs1882622	1
bald12.bt	2	rs6738560	145634153	2	145634153	rs6738560	1
bald12.bt	2	rs6738560	145634153	2	145638365	rs6430070	0.988986
bald12.bt	2	rs6738560	145634153	2	145644545	rs4662402	0.982585
bald12.bt	2	rs6738560	145634153	2	145645775	rs10928232	0.98352
bald12.bt	2	rs7349332	219756383	2	219756383	rs7349332	1
bald12.bt	2	rs78114680	222965715	2	222965715	rs78114680	1
bald12.bt	2	rs10168782	223011891	2	223011891	rs10168782	1
bald12.bt	2	rs10168782	223011891	2	222997222	rs12621508	0.992293
bald12.bt	2	rs10168782	223011891	2	222998183	rs1025726	0.992293
bald12.bt	2	rs10168782	223011891	2	223001948	rs11894080	0.994866
bald12.bt	2	rs10168782	223011891	2	223001992	rs11894212	0.994866
bald12.bt	2	rs10168782	223011891	2	223007531	rs6752424	0.999144
bald12.bt	2	rs10168782	223011891	2	223010952	rs10084174	1
bald12.bt	2	rs10168782	223011891	2	223020359	rs11693829	0.994014
bald12.bt	2	rs10168782	223011891	2	223020679	rs11675621	0.994866
bald12.bt	2	rs10168782	223011891	2	223033642	rs2218064	0.993173
bald12.bt	2	rs10168782	223011891	2	223034660	rs985473	0.993173
bald12.bt	2	rs10168782	223011891	2	223036423	rs2395847	0.99148
bald12.bt	2	rs10168782	223011891	2	223038681	rs988679	0.990618
bald12.bt	2	rs10168782	223011891	2	223039863	rs2894451	0.988928
bald12.bt	2	rs7560114	223056083	2	223056083	rs7560114	1
bald12.bt	2	rs7560114	223056083	2	223054491	rs10498128	0.998868
bald12.bt	2	rs7560114	223056083	2	223060266	rs7601832	0.99774
bald12.bt	2	rs7560114	223056083	2	223060393	rs7563168	0.99774
bald12.bt	2	rs16863558	223105017	2	223105017	rs16863558	1
bald12.bt	2	rs12328532	223108422	2	223108422	rs12328532	1
bald12.bt	2	rs12328532	223108422	2	223106519	rs11679619	0.98057
bald12.bt	2	rs7600206	223156587	2	223156587	rs7600206	1
bald12.bt	2	rs115919666	223200038	2	223200038	rs115919666	1
bald12.bt	2	rs28529764	223484106	2	223484106	rs28529764	1
bald12.bt	2	rs28529764	223484106	2	223450473	rs75193797	1
bald12.bt	2	rs28529764	223484106	2	223452446	rs7581466	1
bald12.bt	2	rs28529764	223484106	2	223476271	rs1169459	1
bald12.bt	2	rs28529764	223484106	2	223481625	rs1550166	1
bald12.bt	2	rs28529764	223484106	2	223484227	rs28572477	0.998174
bald12.bt	2	rs62189870	239496634	2	239496634	rs62189870	1
bald12.bt	2	rs62189870	239496634	2	239495665	rs62189869	0.986057
bald12.bt	2	rs62189870	239496634	2	239497558	rs11464481	0.991622
bald12.bt	2	rs62189870	239496634	2	239497791	rs368061799	0.993045
bald12.bt	2	rs62189870	239496634	2	239497985	rs62189871	0.983234
bald12.bt	2	rs62189870	239496634	2	239499564	rs564272316	0.993006
bald12.bt	2	rs11684254	239695893	2	239695893	rs11684254	1
bald12.bt	3	rs9841280	71352123	3	71352123	rs9841280	1
bald12.bt	3	rs9846246	107424090	3	107424090	rs9846246	1
bald12.bt	3	rs114298191	114084867	3	114084867	rs114298191	1
bald12.bt	3	rs114298191	114084867	3	114086151	rs201385906	1
bald12.bt	3	rs114298191	114084867	3	114087199	rs80316439	1
bald12.bt	3	rs114298191	114084867	3	114091517	rs76249341	1
bald12.bt	3	rs114298191	114084867	3	114091698	rs201618911	1
bald12.bt	3	rs114298191	114084867	3	114097185	rs114175744	0.989505
bald12.bt	3	rs9837485	114106253	3	114106253	rs9837485	1
bald12.bt	3	rs9837485	114106253	3	114106076	rs9837270	0.996825
bald12.bt	3	rs1511412	138713704	3	138713704	rs1511412	1
bald12.bt	3	rs10460843	139021179	3	139021179	rs10460843	1
bald12.bt	3	rs56135345	139029548	3	139029548	rs56135345	1
bald12.bt	3	rs6781671	139030783	3	139030783	rs6781671	1
bald12.bt	3	rs6781671	139030783	3	139031354	rs13074461	0.995025
bald12.bt	3	rs6781671	139030783	3	139031773	rs10513062	0.982577
bald12.bt	3	rs6792989	147825261	3	147825261	rs6792989	1
bald12.bt	3	rs6792989	147825261	3	147815502	rs142951881	0.990788
bald12.bt	3	rs6792989	147825261	3	147817213	rs13325578	0.993622
bald12.bt	3	rs6792989	147825261	3	147818788	rs7635160	0.994329
bald12.bt	3	rs6792989	147825261	3	147820716	rs1381767	0.99504
bald12.bt	3	rs6792989	147825261	3	147821545	rs145787634	0.99291
bald12.bt	3	rs6792989	147825261	3	147821742	rs201135125	0.987257
bald12.bt	3	rs6792989	147825261	3	147822134	rs7639805	0.995042
bald12.bt	3	rs6792989	147825261	3	147822653	rs16860097	0.997166
bald12.bt	3	rs6792989	147825261	3	147822977	rs11706064	0.998582
bald12.bt	3	rs6792989	147825261	3	147823901	rs7634329	1
bald12.bt	3	rs6792989	147825261	3	147824199	rs2219329	1
bald12.bt	3	rs6792989	147825261	3	147824368	rs2198859	1
bald12.bt	3	rs6792989	147825261	3	147825341	rs6805704	1
bald12.bt	3	rs6792989	147825261	3	147825563	rs1462649	1
bald12.bt	3	rs6792989	147825261	3	147826795	rs9854826	0.995751
bald12.bt	3	rs6792989	147825261	3	147826841	rs9874791	0.998582
bald12.bt	3	rs6792989	147825261	3	147827092	rs9879009	0.998582
bald12.bt	3	rs6792989	147825261	3	147827201	rs9859224	0.999291
bald12.bt	3	rs6792989	147825261	3	147827471	rs61410345	0.993627
bald12.bt	3	rs6792989	147825261	3	147827496	rs9879675	0.995751
bald12.bt	3	rs6792989	147825261	3	147827842	rs7614144	0.999291
bald12.bt	3	rs6792989	147825261	3	147827946	rs7646711	0.99504
bald12.bt	3	rs6792989	147825261	3	147828341	rs7647079	0.998583
bald12.bt	3	rs6792989	147825261	3	147828442	rs7624963	0.999291
bald12.bt	3	rs6792989	147825261	3	147828530	rs9865246	0.995751
bald12.bt	3	rs6792989	147825261	3	147828816	rs76943204	0.99013
bald12.bt	3	rs6792989	147825261	3	147828821	rs1379083	0.99013
bald12.bt	3	rs6792989	147825261	3	147828868	rs1379082	0.992268
bald12.bt	3	rs6792989	147825261	3	147828882	rs9869284	0.991566
bald12.bt	3	rs6792989	147825261	3	147828965	rs73153763	0.991548
bald12.bt	3	rs6792989	147825261	3	147829120	rs4405876	0.998582
bald12.bt	3	rs6792989	147825261	3	147829256	rs4447729	0.999291
bald12.bt	3	rs6792989	147825261	3	147829398	rs4607077	0.990854
bald12.bt	3	rs6792989	147825261	3	147829476	rs4449287	0.990855
bald12.bt	3	rs6792989	147825261	3	147829507	rs6773498	0.992251
bald12.bt	3	rs6792989	147825261	3	147829559	rs6784986	0.996462
bald12.bt	3	rs6792989	147825261	3	147829633	rs6773608	0.997875
bald12.bt	3	rs6792989	147825261	3	147829820	rs149674154	0.999291
bald12.bt	3	rs6792989	147825261	3	147830101	rs9874959	0.995051
bald12.bt	3	rs6792989	147825261	3	147830116	rs9837099	0.999291
bald12.bt	3	rs6792989	147825261	3	147830322	rs113183272	0.998583
bald12.bt	3	rs6792989	147825261	3	147830357	rs9820049	0.999291
bald12.bt	3	rs6792989	147825261	3	147830531	rs9837771	0.999291
bald12.bt	3	rs6792989	147825261	3	147830745	rs9875992	0.999291
bald12.bt	3	rs6792989	147825261	3	147831303	rs16860138	0.992919
bald12.bt	3	rs6792989	147825261	3	147840915	rs56327989	0.995042
bald12.bt	3	rs6792989	147825261	3	147843239	rs1471090	0.995046
bald12.bt	3	rs6792989	147825261	3	147844826	rs141082809	0.995759
bald12.bt	3	rs6792989	147825261	3	147844843	rs2061241	0.995759
bald12.bt	3	rs17283297	151724954	3	151724954	rs17283297	1
bald12.bt	3	rs17283297	151724954	3	151723468	rs12495810	0.998053
bald12.bt	3	rs17283297	151724954	3	151724396	rs4588343	1
bald12.bt	3	rs17283297	151724954	3	151724446	rs4367039	0.998054
bald12.bt	3	rs17283297	151724954	3	151729003	rs17204760	0.985499
bald12.bt	3	rs1875102	177342468	3	177342468	rs1875102	1
bald12.bt	3	rs1875102	177342468	3	177335249	rs9825151	0.984208
bald12.bt	3	rs1875102	177342468	3	177341538	rs7628407	0.992096
bald12.bt	3	rs1875102	177342468	3	177341751	rs35079337	0.996483
bald12.bt	4	rs6849381	54524848	4	54524848	rs6849381	1
bald12.bt	4	rs6849381	54524848	4	54525329	rs12645402	0.994059
bald12.bt	4	rs6849381	54524848	4	54526477	rs2086048	0.99113
bald12.bt	4	rs6849381	54524848	4	54527026	rs13134680	0.992599
bald12.bt	4	rs6849381	54524848	4	54527112	rs2054407	0.991867
bald12.bt	4	rs17358433	107502909	4	107502909	rs17358433	1
bald12.bt	4	rs17358433	107502909	4	107502609	rs62320238	0.996085
bald12.bt	4	rs17358433	107502909	4	107503467	rs142954796	0.998041
bald12.bt	4	rs17358433	107502909	4	107504053	rs17292591	0.990282
bald12.bt	4	rs17358433	107502909	4	107505548	rs17292661	0.988322
bald12.bt	4	rs17358433	107502909	4	107507626	rs62320241	0.982385
bald12.bt	4	rs17358433	107502909	4	107508191	rs62320242	0.984359
bald12.bt	5	rs335172	122481271	5	122481271	rs335172	1
bald12.bt	5	rs335172	122481271	5	122475779	rs335158	0.988159
bald12.bt	5	rs335172	122481271	5	122478001	rs10629804	0.986361
bald12.bt	5	rs335172	122481271	5	122478676	rs335160	0.990025
bald12.bt	5	rs335172	122481271	5	122478931	rs419771	0.990025
bald12.bt	5	rs335172	122481271	5	122479838	rs335175	0.998171
bald12.bt	5	rs335172	122481271	5	122480261	rs374621	0.998171
bald12.bt	5	rs335172	122481271	5	122480902	rs335173	1
bald12.bt	5	rs335172	122481271	5	122483766	rs233173	0.985201
bald12.bt	5	rs335172	122481271	5	122483855	rs372478	0.98724
bald12.bt	5	rs335172	122481271	5	122484454	rs408054	0.984338
bald12.bt	5	rs335172	122481271	5	122484529	rs443382	0.98452
bald12.bt	5	rs335172	122481271	5	122485629	rs335155	0.98452
bald12.bt	5	rs335172	122481271	5	122485659	rs335154	0.985422
bald12.bt	5	rs335172	122481271	5	122485679	rs335153	0.985422
bald12.bt	5	rs335172	122481271	5	122485731	rs335152	0.985422
bald12.bt	5	rs335172	122481271	5	122485955	rs335151	0.983606
bald12.bt	5	rs335172	122481271	5	122486143	rs335150	0.98541
bald12.bt	5	rs335172	122481271	5	122486729	rs335149	0.985422
bald12.bt	5	rs335172	122481271	5	122487045	rs335148	0.986324
bald12.bt	5	rs335172	122481271	5	122487549	rs173028	0.981793
bald12.bt	5	rs335172	122481271	5	122487696	rs68573	0.983593
bald12.bt	5	rs3117720	157490835	5	157490835	rs3117720	1
bald12.bt	5	rs3117720	157490835	5	157482258	rs2984644	1
bald12.bt	5	rs3117720	157490835	5	157492454	rs3096002	0.998896
bald12.bt	5	rs3117720	157490835	5	157493775	rs962578	0.998896
bald12.bt	5	rs3117720	157490835	5	157496633	rs1957557	0.997793
bald12.bt	5	rs3117720	157490835	5	157498923	rs1951619	0.997791
bald12.bt	5	rs3117720	157490835	5	157501207	rs73301434	0.996691
bald12.bt	5	rs2072495	158296996	5	158296996	rs2072495	1
bald12.bt	6	rs12203592	396321	6	396321	rs12203592	1
bald12.bt	6	rs11755724	7118990	6	7118990	rs11755724	1
bald12.bt	6	rs1853835	41427582	6	41427582	rs1853835	1
bald12.bt	6	rs1853835	41427582	6	41428950	rs2477826	0.984175
bald12.bt	6	rs9349320	45269814	6	45269814	rs9349320	1
bald12.bt	6	rs9349320	45269814	6	44712330	rs112808924	0.982385
bald12.bt	6	rs9349320	45269814	6	44713811	rs113267642	0.982385
bald12.bt	6	rs9349320	45269814	6	44715583	rs137924190	0.982385
bald12.bt	6	rs9349320	45269814	6	44720234	rs146937346	0.982385
bald12.bt	6	rs9349320	45269814	6	44723904	rs183479507	0.982385
bald12.bt	6	rs9349320	45269814	6	44727206	rs549762266	0.982385
bald12.bt	6	rs9349320	45269814	6	44729016	rs76177413	0.982385
bald12.bt	6	rs9349320	45269814	6	44732261	rs113209630	0.982385
bald12.bt	6	rs9349320	45269814	6	44733998	rs148023939	0.982385
bald12.bt	6	rs9349320	45269814	6	44734105	rs141731478	0.982385
bald12.bt	6	rs9349320	45269814	6	44734611	rs111568744	0.982385
bald12.bt	6	rs9349320	45269814	6	44736360	rs79437742	0.982385
bald12.bt	6	rs9349320	45269814	6	44742267	rs111979677	0.982385
bald12.bt	6	rs9349320	45269814	6	44748035	rs80260851	0.982385
bald12.bt	6	rs9349320	45269814	6	44749537	rs75217141	0.982385
bald12.bt	6	rs9349320	45269814	6	44751942	rs144518825	0.982385
bald12.bt	6	rs9349320	45269814	6	44758864	rs200925192	0.982385
bald12.bt	6	rs9349320	45269814	6	44761273	rs112046808	0.982385
bald12.bt	6	rs9349320	45269814	6	44767330	rs77276679	0.982385
bald12.bt	6	rs9349320	45269814	6	44780482	rs557425	0.982385
bald12.bt	6	rs9349320	45269814	6	44782008	rs481914	0.982385
bald12.bt	6	rs9349320	45269814	6	44782108	rs482878	0.982385
bald12.bt	6	rs9349320	45269814	6	44783637	rs539002	0.982385
bald12.bt	6	rs9349320	45269814	6	44795039	rs604486	0.982385
bald12.bt	6	rs9349320	45269814	6	44796058	rs589285	0.982385
bald12.bt	6	rs9349320	45269814	6	44796167	rs588813	0.982385
bald12.bt	6	rs9349320	45269814	6	44796968	rs528158	0.982385
bald12.bt	6	rs9349320	45269814	6	44799811	rs201904062	0.982385
bald12.bt	6	rs9349320	45269814	6	44800713	rs569999	0.982385
bald12.bt	6	rs9349320	45269814	6	44801551	rs604873	0.982385
bald12.bt	6	rs9349320	45269814	6	44803876	rs551338	0.982385
bald12.bt	6	rs9349320	45269814	6	44811643	rs655669	0.982385
bald12.bt	6	rs9349320	45269814	6	44811678	rs494353	0.982385
bald12.bt	6	rs9349320	45269814	6	44819620	rs549243	1
bald12.bt	6	rs9349320	45269814	6	44823684	rs560765	1
bald12.bt	6	rs9349320	45269814	6	44824650	rs662599	1
bald12.bt	6	rs9349320	45269814	6	44825646	rs1293582	1
bald12.bt	6	rs9349320	45269814	6	44831292	rs480657	0.982084
bald12.bt	6	rs9349320	45269814	6	44846752	rs551955	1
bald12.bt	6	rs9349320	45269814	6	44846949	rs553811	1
bald12.bt	6	rs9349320	45269814	6	44854630	rs115597215	1
bald12.bt	6	rs9349320	45269814	6	44855071	rs147962005	1
bald12.bt	6	rs9349320	45269814	6	44858680	rs139560031	1
bald12.bt	6	rs9349320	45269814	6	44860667	rs490515	0.982385
bald12.bt	6	rs9349320	45269814	6	44862362	rs527145	1
bald12.bt	6	rs9349320	45269814	6	44866473	rs538936834;rs150946816	1
bald12.bt	6	rs9349320	45269814	6	44871639	rs149408740	1
bald12.bt	6	rs9349320	45269814	6	44875278	rs603778	1
bald12.bt	6	rs9349320	45269814	6	44882335	rs538857	1
bald12.bt	6	rs9349320	45269814	6	44885314	rs519122	1
bald12.bt	6	rs9349320	45269814	6	44890884	rs510167	1
bald12.bt	6	rs9349320	45269814	6	44891585	rs669087	1
bald12.bt	6	rs9349320	45269814	6	44895907	rs622051	1
bald12.bt	6	rs9349320	45269814	6	44898219	rs652851	1
bald12.bt	6	rs9349320	45269814	6	44901618	rs542910	1
bald12.bt	6	rs9349320	45269814	6	44904480	rs522282	1
bald12.bt	6	rs9349320	45269814	6	44905929	rs556352	1
bald12.bt	6	rs9349320	45269814	6	44909162	rs34390224	0.982385
bald12.bt	6	rs9349320	45269814	6	44910589	rs656463	1
bald12.bt	6	rs9349320	45269814	6	44916710	rs857598	1
bald12.bt	6	rs9349320	45269814	6	44920635	rs609571	1
bald12.bt	6	rs9349320	45269814	6	44923775	rs505440	1
bald12.bt	6	rs9349320	45269814	6	44924708	rs685327	1
bald12.bt	6	rs9349320	45269814	6	44925662	rs564286	1
bald12.bt	6	rs9349320	45269814	6	44931684	rs559513	1
bald12.bt	6	rs9349320	45269814	6	44934766	rs540247	1
bald12.bt	6	rs9349320	45269814	6	44937924	rs9357463	1
bald12.bt	6	rs9349320	45269814	6	44939746	rs9369524	1
bald12.bt	6	rs9349320	45269814	6	44940268	rs2396367	1
bald12.bt	6	rs9349320	45269814	6	44940444	rs2396368	1
bald12.bt	6	rs9349320	45269814	6	44942260	rs4711808	1
bald12.bt	6	rs9349320	45269814	6	44942798	rs9381355	1
bald12.bt	6	rs9349320	45269814	6	44942936	rs9369525	1
bald12.bt	6	rs9349320	45269814	6	44943818	rs6902685	0.983277
bald12.bt	6	rs9349320	45269814	6	44950216	rs7739872	1
bald12.bt	6	rs9349320	45269814	6	44954843	rs6458416	1
bald12.bt	6	rs9349320	45269814	6	44970615	rs11450244	1
bald12.bt	6	rs9349320	45269814	6	44972729	rs1159132	1
bald12.bt	6	rs9349320	45269814	6	44975277	rs1548285	1
bald12.bt	6	rs9349320	45269814	6	44982238	rs1360198	1
bald12.bt	6	rs9349320	45269814	6	44988031	rs1475533	1
bald12.bt	6	rs9349320	45269814	6	44988149	rs1475534	1
bald12.bt	6	rs9349320	45269814	6	44994168	rs10645441	1
bald12.bt	6	rs9349320	45269814	6	45006377	rs4711810	0.982385
bald12.bt	6	rs9349320	45269814	6	45007829	rs9357465	1
bald12.bt	6	rs9349320	45269814	6	45009334	rs6458417	1
bald12.bt	6	rs9349320	45269814	6	45012223	rs1411150	1
bald12.bt	6	rs9349320	45269814	6	45020697	rs2149872	1
bald12.bt	6	rs9349320	45269814	6	45022738	rs6912845	1
bald12.bt	6	rs9349320	45269814	6	45045903	rs9381363	1
bald12.bt	6	rs9349320	45269814	6	45047587	rs4711812	1
bald12.bt	6	rs9349320	45269814	6	45048096	rs9357468	1
bald12.bt	6	rs9349320	45269814	6	45054032	rs1023092	1
bald12.bt	6	rs9349320	45269814	6	45068145	rs1284991	1
bald12.bt	6	rs9349320	45269814	6	45071059	rs1797157	1
bald12.bt	6	rs9349320	45269814	6	45076260	rs75272024	1
bald12.bt	6	rs9349320	45269814	6	45078860	rs1797155	1
bald12.bt	6	rs9349320	45269814	6	45079977	rs140215093	0.982385
bald12.bt	6	rs9349320	45269814	6	45080271	rs1284978	1
bald12.bt	6	rs9349320	45269814	6	45081481	rs1284981	1
bald12.bt	6	rs9349320	45269814	6	45087508	rs1284985	0.982084
bald12.bt	6	rs9349320	45269814	6	45091172	rs1284996	1
bald12.bt	6	rs9349320	45269814	6	45097376	rs1285001	1
bald12.bt	6	rs9349320	45269814	6	45105512	rs1632504	1
bald12.bt	6	rs9349320	45269814	6	45108185	rs76843790	1
bald12.bt	6	rs9349320	45269814	6	45117490	rs77752628	1
bald12.bt	6	rs9349320	45269814	6	45144151	rs192095606	1
bald12.bt	6	rs9349320	45269814	6	45144698	rs150914778	1
bald12.bt	6	rs9349320	45269814	6	45155871	rs1748246	1
bald12.bt	6	rs9349320	45269814	6	45156415	rs112866863	1
bald12.bt	6	rs9349320	45269814	6	45158519	rs1629619	1
bald12.bt	6	rs9349320	45269814	6	45162482	rs542882003	1
bald12.bt	6	rs9349320	45269814	6	45164141	rs1285012	1
bald12.bt	6	rs9349320	45269814	6	45166774	rs1285015	1
bald12.bt	6	rs9349320	45269814	6	45167289	rs1285017	1
bald12.bt	6	rs9349320	45269814	6	45170151	rs1284956	1
bald12.bt	6	rs9349320	45269814	6	45171933	rs1284959	1
bald12.bt	6	rs9349320	45269814	6	45184454	rs74745022	1
bald12.bt	6	rs9349320	45269814	6	45188727	rs113178107	0.982385
bald12.bt	6	rs9349320	45269814	6	45188892	rs112148248	0.982385
bald12.bt	6	rs9349320	45269814	6	45190430	rs112003112	1
bald12.bt	6	rs9349320	45269814	6	45201376	rs76180310	1
bald12.bt	6	rs9349320	45269814	6	45207658	rs112424947	1
bald12.bt	6	rs9349320	45269814	6	45208436	rs112418395	1
bald12.bt	6	rs9349320	45269814	6	45217364	rs74945036	1
bald12.bt	6	rs9349320	45269814	6	45217468	rs78262479	1
bald12.bt	6	rs9349320	45269814	6	45221501	rs113570931	1
bald12.bt	6	rs9349320	45269814	6	45224023	rs113862606	1
bald12.bt	6	rs9349320	45269814	6	45235184	rs4437465	1
bald12.bt	6	rs9349320	45269814	6	45243131	rs7753900	1
bald12.bt	6	rs9349320	45269814	6	45247901	rs4452642	1
bald12.bt	6	rs9349320	45269814	6	45248496	rs4323299	1
bald12.bt	6	rs9349320	45269814	6	45252763	rs112138082	1
bald12.bt	6	rs9349320	45269814	6	45253651	rs7759733	1
bald12.bt	6	rs9349320	45269814	6	45254843	rs7765383	1
bald12.bt	6	rs9349320	45269814	6	45256041	rs9369554	1
bald12.bt	6	rs9349320	45269814	6	45263441	rs9369557	1
bald12.bt	6	rs9349320	45269814	6	45267234	rs6932726	1
bald12.bt	6	rs9349320	45269814	6	45268574	rs111541141	0.982385
bald12.bt	6	rs9349320	45269814	6	45272488	rs111943851	0.982385
bald12.bt	6	rs9349320	45269814	6	45275967	rs4278013	1
bald12.bt	6	rs9349320	45269814	6	45276151	rs4296887	1
bald12.bt	6	rs9349320	45269814	6	45288573	rs9463084	1
bald12.bt	6	rs9349320	45269814	6	45299328	rs77404483	1
bald12.bt	6	rs9349320	45269814	6	45300691	rs113692157	1
bald12.bt	6	rs9349320	45269814	6	45304325	rs114764157	1
bald12.bt	6	rs9349320	45269814	6	45310891	rs75077187	0.982084
bald12.bt	6	rs9349320	45269814	6	45310984	rs200776808	1
bald12.bt	6	rs9349320	45269814	6	45319681	rs76850596	1
bald12.bt	6	rs9349320	45269814	6	45320849	rs116618716	1
bald12.bt	6	rs9349320	45269814	6	45321138	rs114089085	1
bald12.bt	6	rs9349320	45269814	6	45324836	rs111646702	1
bald12.bt	6	rs9349320	45269814	6	45331062	rs74483478	1
bald12.bt	6	rs9349320	45269814	6	45337982	rs79840815	1
bald12.bt	6	rs9349320	45269814	6	45339181	rs76298881	1
bald12.bt	6	rs9349320	45269814	6	45352611	rs182151942	0.982385
bald12.bt	6	rs9349320	45269814	6	45356210	rs112982128	1
bald12.bt	6	rs9349320	45269814	6	45356676	rs113230441	0.982084
bald12.bt	6	rs7747189	100857869	6	100857869	rs7747189	1
bald12.bt	6	rs12198551	122678383	6	122678383	rs12198551	1
bald12.bt	6	rs12198551	122678383	6	122678260	rs9375119	0.998478
bald12.bt	6	rs12198551	122678383	6	122678389	rs12212107	1
bald12.bt	6	rs12198551	122678383	6	122678486	rs9385237	0.998478
bald12.bt	6	rs12198551	122678383	6	122678544	rs9388060	0.998478
bald12.bt	6	rs12198551	122678383	6	122678619	rs9385238	0.997715
bald12.bt	6	rs12198551	122678383	6	122678646	rs9385239	0.998478
bald12.bt	6	rs12198551	122678383	6	122678828	rs9401517	0.998478
bald12.bt	6	rs12198551	122678383	6	122678886	rs9401518	0.998478
bald12.bt	6	rs12198551	122678383	6	122678983	rs9398669	0.996955
bald12.bt	6	rs12198551	122678383	6	122679122	rs9398670	0.998478
bald12.bt	6	rs12198551	122678383	6	122679272	rs9385241	0.998478
bald12.bt	6	rs12198551	122678383	6	122679546	rs9372691	0.998478
bald12.bt	6	rs12198551	122678383	6	122679854	rs9385242	0.997718
bald12.bt	6	rs12198551	122678383	6	122679889	rs9388061	0.998478
bald12.bt	6	rs12198551	122678383	6	122679965	rs9375120	0.998478
bald12.bt	6	rs12198551	122678383	6	122680070	rs9375121	0.994668
bald12.bt	6	rs12198551	122678383	6	122680495	rs150087983	0.998478
bald12.bt	6	rs12198551	122678383	6	122680689	rs9320864	0.997715
bald12.bt	6	rs12198551	122678383	6	122680794	rs9320865	0.998478
bald12.bt	6	rs12198551	122678383	6	122680985	rs1999060	0.998478
bald12.bt	6	rs12198551	122678383	6	122681061	rs2316668	0.998478
bald12.bt	6	rs12198551	122678383	6	122681361	rs1999061	0.997715
bald12.bt	6	rs12198551	122678383	6	122681435	rs1999062	0.996953
bald12.bt	6	rs12198551	122678383	6	122682327	rs1536731	0.994619
bald12.bt	6	rs12198551	122678383	6	122682423	rs9388062	0.997715
bald12.bt	6	rs12198551	122678383	6	122682643	rs9372693	0.996953
bald12.bt	7	rs9801236	564083	7	564083	rs9801236	1
bald12.bt	7	rs9801236	564083	7	563526	rs62433359	0.995499
bald12.bt	7	rs9801236	564083	7	563698	rs148648859	0.990933
bald12.bt	7	rs9801236	564083	7	564096	rs9801466	1
bald12.bt	7	rs9801236	564083	7	564240	rs9801322	1
bald12.bt	7	rs9801236	564083	7	564254	rs200064614	1
bald12.bt	7	rs13242758	18905908	7	18905908	rs13242758	1
bald12.bt	7	rs10264621	18957353	7	18957353	rs10264621	1
bald12.bt	7	rs10264621	18957353	7	18956831	rs17140258	0.990092
bald12.bt	7	rs17140672	19141259	7	19141259	rs17140672	1
bald12.bt	7	rs4573161	46888951	7	46888951	rs4573161	1
bald12.bt	7	rs4573161	46888951	7	46890208	rs12702260	0.997212
bald12.bt	7	rs4573161	46888951	7	46892660	rs4609116	0.997212
bald12.bt	7	rs4573161	46888951	7	46896911	rs9655477	0.991649
bald12.bt	7	rs4573161	46888951	7	46897107	rs9655053	0.991649
bald12.bt	7	rs4573161	46888951	7	46899072	rs4345475	0.991657
bald12.bt	7	rs2189924	47060732	7	47060732	rs2189924	1
bald12.bt	7	rs2189924	47060732	7	47060730	rs2189925	1
bald12.bt	7	rs6950087	68595572	7	68595572	rs6950087	1
bald12.bt	7	rs10950188	68897139	7	68897139	rs10950188	1
bald12.bt	7	rs1880512	96215832	7	96215832	rs1880512	1
bald12.bt	7	rs1880512	96215832	7	96194571	rs6964260	0.997193
bald12.bt	7	rs1880512	96215832	7	96195991	rs4530970	0.999298
bald12.bt	7	rs1880512	96215832	7	96197349	rs12704861	0.998596
bald12.bt	7	rs1880512	96215832	7	96199872	rs7796023	0.997892
bald12.bt	7	rs1880512	96215832	7	96200086	rs6967285	0.998595
bald12.bt	7	rs1880512	96215832	7	96201301	rs57205290	0.999298
bald12.bt	7	rs1880512	96215832	7	96202122	rs10277869	0.999298
bald12.bt	7	rs1880512	96215832	7	96202718	rs10278627	0.996493
bald12.bt	7	rs1880512	96215832	7	96206156	rs6951355	0.997894
bald12.bt	7	rs1880512	96215832	7	96207069	rs12534051	0.997894
bald12.bt	7	rs1880512	96215832	7	96210141	rs149384260	0.999297
bald12.bt	7	rs1880512	96215832	7	96210219	rs201650162	0.99719
bald12.bt	7	rs1880512	96215832	7	96212308	rs79836318	0.986749
bald12.bt	7	rs1880512	96215832	7	96214860	rs7790674	1
bald12.bt	7	rs1880512	96215832	7	96214960	rs7790840	1
bald12.bt	7	rs1880512	96215832	7	96215107	rs4335059	0.986072
bald12.bt	7	rs1880512	96215832	7	96215152	rs4278101	0.997192
bald12.bt	7	rs1880512	96215832	7	96217811	rs5885972	0.998596
bald12.bt	7	rs1880512	96215832	7	96219460	rs7788173	0.999298
bald12.bt	7	rs11763660	130997997	7	130997997	rs11763660	1
bald12.bt	7	rs11763660	130997997	7	130989335	rs4728218	0.992805
bald12.bt	7	rs11763660	130997997	7	130989853	rs4731789	0.982839
bald12.bt	7	rs11763660	130997997	7	130991609	rs10954315	0.985677
bald12.bt	7	rs11763660	130997997	7	130994380	rs9719620	0.988521
bald12.bt	7	rs11763660	130997997	7	130994779	rs4506137	0.983513
bald12.bt	7	rs11763660	130997997	7	130995562	rs13226691	0.989255
bald12.bt	7	rs11763660	130997997	7	130996875	rs35026077	0.980102
bald12.bt	7	rs11763660	130997997	7	130999047	rs13238585	0.982913
bald12.bt	7	rs11763660	130997997	7	130999270	rs34383752	0.990679
bald12.bt	7	rs11763660	130997997	7	131001466	rs71578952	0.982216
bald12.bt	8	rs117954051	109067613	8	109067613	rs117954051	1
bald12.bt	8	rs1450594	109144993	8	109144993	rs1450594	1
bald12.bt	8	rs1450594	109144993	8	109151006	rs7842756	1
bald12.bt	8	rs118013985	109394188	8	109394188	rs118013985	1
bald12.bt	9	rs10756193	1121579	9	1121579	rs10756193	1
bald12.bt	9	rs10758593	4292083	9	4292083	rs10758593	1
bald12.bt	9	rs11138914	83543989	9	83543989	rs11138914	1
bald12.bt	9	rs11138914	83543989	9	83543246	rs10491943	0.994483
bald12.bt	9	rs11138914	83543989	9	83544060	rs1332869	0.998897
bald12.bt	9	rs11138914	83543989	9	83544661	rs11138916	1
bald12.bt	9	rs11138914	83543989	9	83546036	rs11138918	0.996691
bald12.bt	9	rs11138914	83543989	9	83546200	rs11138919	0.996691
bald12.bt	9	rs11138914	83543989	9	83546524	rs62577575	0.996691
bald12.bt	9	rs11138914	83543989	9	83546625	rs62577576	0.995589
bald12.bt	9	rs11138914	83543989	9	83546723	rs62577577	0.996691
bald12.bt	9	rs11138914	83543989	9	83546769	rs62577578	0.993383
bald12.bt	9	rs11138914	83543989	9	83546790	rs139915136	0.996691
bald12.bt	9	rs11138914	83543989	9	83547081	rs11138921	0.994487
bald12.bt	9	rs11138914	83543989	9	83547720	rs11138923	0.996691
bald12.bt	9	rs11138914	83543989	9	83547849	rs10867648	0.996691
bald12.bt	9	rs11138914	83543989	9	83548114	rs10867649	0.993387
bald12.bt	9	rs11138914	83543989	9	83548655	rs11138924	0.995589
bald12.bt	9	rs11138914	83543989	9	83548665	rs11138925	0.996691
bald12.bt	9	rs11138914	83543989	9	83550201	rs10867650	0.995589
bald12.bt	9	rs11138914	83543989	9	83550453	rs10867651	0.994489
bald12.bt	9	rs11138914	83543989	9	83550964	rs12002079	0.995589
bald12.bt	9	rs11138914	83543989	9	83551241	rs56262625	0.986847
bald12.bt	9	rs11138914	83543989	9	83553349	rs62577582	0.987951
bald12.bt	9	rs11138914	83543989	9	83555447	rs62577583	0.98468
bald12.bt	9	rs11138914	83543989	9	83556751	rs1808103	0.986823
bald12.bt	9	rs10981924	116546611	9	116546611	rs10981924	1
bald12.bt	9	rs12683020	116814661	9	116814661	rs12683020	1
bald12.bt	10	rs72816828	22870268	10	22870268	rs72816828	1
bald12.bt	10	rs72816828	22870268	10	22861487	rs117658761	0.980459
bald12.bt	10	rs72816828	22870268	10	22864866	rs557440119	0.980459
bald12.bt	10	rs72816828	22870268	10	22865571	rs72816814	1
bald12.bt	10	rs72816828	22870268	10	22865939	rs151330494	1
bald12.bt	10	rs72816828	22870268	10	22868236	rs72816817	1
bald12.bt	10	rs72816828	22870268	10	22868731	rs145657373	1
bald12.bt	10	rs72816828	22870268	10	22869157	rs72816821	1
bald12.bt	10	rs72816828	22870268	10	22869174	rs199848882	1
bald12.bt	10	rs72816828	22870268	10	22869924	rs72816824	1
bald12.bt	10	rs72816828	22870268	10	22871069	rs72816829	1
bald12.bt	10	rs72816828	22870268	10	22872104	rs72816831	1
bald12.bt	10	rs72816828	22870268	10	22874334	rs72816836	0.980459
bald12.bt	10	rs72816828	22870268	10	22879389	rs72816839	0.980459
bald12.bt	10	rs72816828	22870268	10	22881841	rs72816845	0.980459
bald12.bt	10	rs7910776	32639093	10	32639093	rs7910776	1
bald12.bt	10	rs7910776	32639093	10	32602770	rs76261510	0.99051
bald12.bt	10	rs7910776	32639093	10	32613714	rs11597157	0.992878
bald12.bt	10	rs7910776	32639093	10	32613737	rs11597137	0.992878
bald12.bt	10	rs7910776	32639093	10	32615135	rs16933243	0.992879
bald12.bt	10	rs7910776	32639093	10	32615445	rs11599044	0.988255
bald12.bt	10	rs7910776	32639093	10	32618022	rs79806114	0.992891
bald12.bt	10	rs7910776	32639093	10	32631785	rs76998371	0.994063
bald12.bt	10	rs7910776	32639093	10	32634972	rs2370759	0.994063
bald12.bt	10	rs7910776	32639093	10	32635834	rs11597888	0.99525
bald12.bt	10	rs4145021	77713225	10	77713225	rs4145021	1
bald12.bt	10	rs117246174	78171666	10	78171666	rs117246174	1
bald12.bt	10	rs17467433	78290576	10	78290576	rs17467433	1
bald12.bt	10	rs17467433	78290576	10	78289587	rs11001806	0.986806
bald12.bt	10	rs17467433	78290576	10	78290960	rs10824421	0.99498
bald12.bt	10	rs17467433	78290576	10	78293276	rs17467552	0.999222
bald12.bt	10	rs17467433	78290576	10	78293458	rs17467566	0.995356
bald12.bt	10	rs17467433	78290576	10	78294119	rs11001809	0.990711
bald12.bt	10	rs17467433	78290576	10	78295924	rs1907312	0.99767
bald12.bt	10	rs17467433	78290576	10	78296760	rs11001813	0.998445
bald12.bt	10	rs17467433	78290576	10	78299597	rs1907309	0.984529
bald12.bt	10	rs897277	126366013	10	126366013	rs897277	1
bald12.bt	10	rs4962683	126371957	10	126371957	rs4962683	1
bald12.bt	10	rs4962683	126371957	10	126337350	rs876352	0.988109
bald12.bt	10	rs4962683	126371957	10	126348061	rs11245325	0.988081
bald12.bt	10	rs4962683	126371957	10	126355477	rs3781451	0.992658
bald12.bt	10	rs4962683	126371957	10	126368119	rs35645049	0.989017
bald12.bt	11	rs7114410	44379825	11	44379825	rs7114410	1
bald12.bt	11	rs7114410	44379825	11	44378010	rs10838269	0.9913
bald12.bt	12	rs10779167	85942177	12	85942177	rs10779167	1
bald12.bt	12	rs10779167	85942177	12	85942225	rs7485590	1
bald12.bt	12	rs10779167	85942177	12	85949611	rs10779168	0.997712
bald12.bt	12	rs10779167	85942177	12	85949783	rs7977259	0.997712
bald12.bt	12	rs10779167	85942177	12	85954235	rs7134486	0.982622
bald12.bt	12	rs10779167	85942177	12	85955391	rs7973323	0.985615
bald12.bt	12	rs10779167	85942177	12	85966884	rs10863000	0.986346
bald12.bt	12	rs10779167	85942177	12	85982893	rs66540323	0.984073
bald12.bt	12	rs10779167	85942177	12	85983127	rs10863003	0.984843
bald12.bt	12	rs10779167	85942177	12	85983256	rs10863005	0.98028
bald12.bt	12	rs10779167	85942177	12	85986651	rs2199516	0.98332
bald12.bt	12	rs10779167	85942177	12	85987007	rs2405248	0.986346
bald12.bt	12	rs10779167	85942177	12	85987178	rs7980171	0.981007
bald12.bt	12	rs10779167	85942177	12	85987648	rs10863007	0.985587
bald12.bt	12	rs10779167	85942177	12	85987941	rs10779173	0.981767
bald12.bt	12	rs10779167	85942177	12	85988600	rs10863008	0.98483
bald12.bt	12	rs10779167	85942177	12	85990000	rs9788015	0.986346
bald12.bt	12	rs10779167	85942177	12	85990038	rs9788074	0.981767
bald12.bt	12	rs10779167	85942177	12	85991899	rs2405249	0.981767
bald12.bt	13	rs2390399	100795208	13	100795208	rs2390399	1
bald12.bt	14	rs72681698	51207741	14	51207741	rs72681698	1
bald12.bt	14	rs8020587	60952612	14	60952612	rs8020587	1
bald12.bt	14	rs8020587	60952612	14	60905920	rs1474999	0.995152
bald12.bt	14	rs8020587	60952612	14	60906615	rs1254320	0.993212
bald12.bt	14	rs8020587	60952612	14	60908378	rs1254323	0.994188
bald12.bt	14	rs8020587	60952612	14	60908551	rs1254324	0.994188
bald12.bt	14	rs8020587	60952612	14	60911409	rs1254326	0.99613
bald12.bt	14	rs8020587	60952612	14	60911728	rs1254327	0.997096
bald12.bt	14	rs8020587	60952612	14	60912870	rs1254329	0.997092
bald12.bt	14	rs8020587	60952612	14	60916587	rs1254332	0.995165
bald12.bt	14	rs8020587	60952612	14	60935003	rs138427307	0.995165
bald12.bt	14	rs8020587	60952612	14	60941363	rs75823191	0.998065
bald12.bt	14	rs8020587	60952612	14	60942374	rs9989167	0.997099
bald12.bt	14	rs8020587	60952612	14	60943110	rs10149915	0.999031
bald12.bt	14	rs8020587	60952612	14	60944435	rs10130255	0.996127
bald12.bt	14	rs8020587	60952612	14	60944959	rs11845369	0.996127
bald12.bt	14	rs8020587	60952612	14	60945298	rs10133403	0.997092
bald12.bt	14	rs8020587	60952612	14	60946098	rs10136642	0.997092
bald12.bt	14	rs8020587	60952612	14	60946111	rs10136486	0.99032
bald12.bt	14	rs8020587	60952612	14	60947490	rs60531858	0.994189
bald12.bt	14	rs8020587	60952612	14	60948318	rs4901985	0.996127
bald12.bt	14	rs8020587	60952612	14	60949740	rs958504	0.995155
bald12.bt	14	rs8020587	60952612	14	60952298	rs1956553	1
bald12.bt	14	rs8020587	60952612	14	60952536	rs6573312	1
bald12.bt	14	rs8020587	60952612	14	60952777	rs8021348	0.990324
bald12.bt	14	rs8020587	60952612	14	60974958	rs713336	0.990334
bald12.bt	14	rs8020587	60952612	14	60977275	rs10151958	0.989382
bald12.bt	14	rs17098106	61653420	14	61653420	rs17098106	1
bald12.bt	14	rs12437296	61755153	14	61755153	rs12437296	1
bald12.bt	14	rs35545479	69170714	14	69170714	rs35545479	1
bald12.bt	14	rs17097351	99042455	14	99042455	rs17097351	1
bald12.bt	14	rs17097351	99042455	14	99035912	rs74829115	0.99479
bald12.bt	14	rs17097351	99042455	14	99037420	rs1951087	0.992188
bald12.bt	14	rs17097351	99042455	14	99040834	rs768552	0.99479
bald12.bt	14	rs17097351	99042455	14	99040921	rs768553	0.99479
bald12.bt	14	rs17097351	99042455	14	99041190	rs78826731	0.992188
bald12.bt	14	rs17097351	99042455	14	99041199	rs17097344	0.99479
bald12.bt	14	rs17097351	99042455	14	99041455	rs10484059	1
bald12.bt	14	rs17097351	99042455	14	99041675	rs1956837	1
bald12.bt	14	rs17097351	99042455	14	99041954	rs1956838	0.997394
bald12.bt	14	rs17097351	99042455	14	99042006	rs1956839	1
bald12.bt	14	rs17097351	99042455	14	99042282	rs17097350	1
bald12.bt	14	rs17097351	99042455	14	99042739	rs17097354	1
bald12.bt	14	rs17097351	99042455	14	99043107	rs76108301	1
bald12.bt	14	rs17097351	99042455	14	99043129	rs143976574	1
bald12.bt	14	rs17097351	99042455	14	99043357	rs17097358	1
bald12.bt	14	rs17097351	99042455	14	99044397	rs76697431	1
bald12.bt	14	rs17097351	99042455	14	99044438	rs17097366	1
bald12.bt	14	rs17097351	99042455	14	99045197	rs17097371	1
bald12.bt	14	rs17097351	99042455	14	99045443	rs17097376	1
bald12.bt	14	rs17097351	99042455	14	99045773	rs17231669	1
bald12.bt	14	rs17097351	99042455	14	99046052	rs17816660	1
bald12.bt	14	rs17097351	99042455	14	99046828	rs4905719	1
bald12.bt	14	rs17097351	99042455	14	99047222	rs78033580	0.997416
bald12.bt	14	rs17097351	99042455	14	99047235	rs75042931	1
bald12.bt	14	rs17097351	99042455	14	99047897	rs17097387	0.99479
bald12.bt	14	rs17097351	99042455	14	99050261	rs80220848	0.994792
bald12.bt	14	rs17097351	99042455	14	99051273	rs79690456	0.984421
bald12.bt	15	rs1462156	57503423	15	57503423	rs1462156	1
bald12.bt	15	rs1462156	57503423	15	57500421	rs11856055	0.98111
bald12.bt	15	rs1462156	57503423	15	57501494	rs12911518	0.995074
bald12.bt	15	rs1462156	57503423	15	57502856	rs12916478	0.982017
bald12.bt	15	rs17374222	69995344	15	69995344	rs17374222	1
bald12.bt	16	rs7194842	54885902	16	54885902	rs7194842	1
bald12.bt	16	rs7194842	54885902	16	54892017	rs7199590	0.987789
bald12.bt	16	rs1466603	55064926	16	55064926	rs1466603	1
bald12.bt	16	rs1466603	55064926	16	55059283	rs2388876	0.996621
bald12.bt	16	rs1466603	55064926	16	55060225	rs35367996	0.996621
bald12.bt	16	rs1466603	55064926	16	55060816	rs35201835	0.996621
bald12.bt	16	rs1466603	55064926	16	55061600	rs34298210	0.99156
bald12.bt	16	rs1466603	55064926	16	55062304	rs66471173	0.993245
bald12.bt	16	rs1466603	55064926	16	55062332	rs374038016	0.993249
bald12.bt	16	rs1466603	55064926	16	55063749	rs34045213	0.998311
bald12.bt	16	rs1466603	55064926	16	55064051	rs35742891	0.996629
bald12.bt	16	rs1466603	55064926	16	55066103	rs2388878	0.996621
bald12.bt	17	rs216195	2203167	17	2203167	rs216195	1
bald12.bt	17	rs7224296	44800046	17	44800046	rs7224296	1
bald12.bt	17	rs7224296	44800046	17	44836302	rs9912530	0.990039
bald12.bt	17	rs8064252	55227609	17	55227609	rs8064252	1
bald12.bt	17	rs8064252	55227609	17	55227670	rs8081915	0.995913
bald12.bt	17	rs8064252	55227609	17	55227770	rs4794703	0.991853
bald12.bt	17	rs8064252	55227609	17	55228288	rs4452017	0.99186
bald12.bt	17	rs8064252	55227609	17	55228362	rs4284702	0.99186
bald12.bt	17	rs8064252	55227609	17	55228401	rs8067946	0.99186
bald12.bt	17	rs8064252	55227609	17	55228410	rs145273475	0.99186
bald12.bt	17	rs8064252	55227609	17	55228517	rs34773938	0.99186
bald12.bt	17	rs8064252	55227609	17	55228574	rs17220621	0.991049
bald12.bt	17	rs8064252	55227609	17	55228627	rs35479111	0.991049
bald12.bt	17	rs8064252	55227609	17	55228675	rs62060346	0.99186
bald12.bt	17	rs8064252	55227609	17	55228702	rs62060347	0.99186
bald12.bt	17	rs8064252	55227609	17	55228728	rs62060348	0.99186
bald12.bt	17	rs232116	63681770	17	63681770	rs232116	1
bald12.bt	17	rs232116	63681770	17	63677823	rs232107	0.987519
bald12.bt	17	rs232116	63681770	17	63678089	rs232108	0.986734
bald12.bt	17	rs232116	63681770	17	63678835	rs232110	0.987519
bald12.bt	17	rs232116	63681770	17	63679568	rs232112	0.996872
bald12.bt	17	rs232116	63681770	17	63680203	rs232114	0.990677
bald12.bt	17	rs232116	63681770	17	63682825	rs232117	0.997655
bald12.bt	17	rs232116	63681770	17	63683226	rs232118	0.997658
bald12.bt	17	rs232116	63681770	17	63683775	rs232120	0.997658
bald12.bt	17	rs232116	63681770	17	63684266	rs232122	0.997658
bald12.bt	17	rs232116	63681770	17	63686749	rs232125	0.984407
bald12.bt	18	rs29074	9971288	18	9971288	rs29074	1
bald12.bt	18	rs7227047	42817147	18	42817147	rs7227047	1
bald12.bt	18	rs7227047	42817147	18	42814156	rs8085664	0.983028
bald12.bt	18	rs7227047	42817147	18	42818527	rs11082435	0.999151
bald12.bt	20	rs2424427	21983464	20	21983464	rs2424427	1
bald12.bt	20	rs2424427	21983464	20	21977306	rs6047788	0.997712
bald12.bt	20	rs2424427	21983464	20	21977669	rs4813443	0.998475
bald12.bt	20	rs2424427	21983464	20	21979109	rs2424425	0.993912
bald12.bt	20	rs2424427	21983464	20	21979628	rs6047792	0.999237
bald12.bt	20	rs2424427	21983464	20	21979917	rs6113457	0.999237
bald12.bt	20	rs2424427	21983464	20	21980205	rs6047794	0.998474
bald12.bt	20	rs2424427	21983464	20	21980572	rs6036008	0.997713
bald12.bt	20	rs2424427	21983464	20	21981597	rs1884425	0.999237
bald12.bt	20	rs2424427	21983464	20	21985498	rs6047798	0.996951
bald12.bt	20	rs2424922	31386449	20	31386449	rs2424922	1
bald12.bt	20	rs2424922	31386449	20	31376490	rs4911260	0.987081
bald12.bt	20	rs2424922	31386449	20	31378343	rs73621668;rs6057646	0.996717
bald12.bt	20	rs2424922	31386449	20	31381690	rs6057647	1
bald12.bt	20	rs2424922	31386449	20	31385452	rs2424920	0.994824
bald12.bt	20	rs2424922	31386449	20	31385814	rs2424921	1
bald12.bt	20	rs2424922	31386449	20	31386347	rs6058891	1
bald12.bt	20	rs985546	55434683	20	55434683	rs985546	1
bald12.bt	21	rs68088846	36208167	21	36208167	rs68088846	1
bald12.bt	21	rs2248313	36301438	21	36301438	rs2248313	1
bald12.bt	21	rs2834738	36399762	21	36399762	rs2834738	1
bald12.bt	21	rs115557929	44629340	21	44629340	rs115557929	1
