chr	pos	snp
1	2797856	rs10797342
1	2798335	rs1563473
1	2799047	rs2377038
1	8226088	rs78056657
1	10647280	rs12567436
1	10647924	rs72857049
1	10649223	rs12090714
1	10649507	rs12087384
1	10656351	rs284267
1	10658221	rs284265
1	10752717	rs116326106
1	10752990	rs60449700
1	11036935	rs6694011
1	11037051	rs6685766
1	11037136	rs6696575
1	11037434	rs112115136
1	11038476	rs11121667
1	11039048	rs33999286
1	11040069	rs7542053
1	11040193	rs7542158
1	11040223	rs7542164
1	11040385	rs7542354
1	11040979	rs10864486
1	16697923	rs113719246
1	16703463	rs61770593
1	16704653	rs56255757
1	16705544	rs7544175
1	16706839	rs60956125
1	16720206	rs56344045
1	16726305	rs7522506
1	16727305	rs139527123
1	16728189	rs141294177
1	21626931	rs12758257
1	21630280	rs12723450
1	21632187	rs12747397
1	25222945	rs9438874
1	25257753	rs79211218
1	25266476	rs11249205
1	25333429	rs11249236
1	25338032	rs2135753
1	25465981	rs12735622
1	25486299	rs926462
1	25487864	rs9438863
1	26665478	rs11247920
1	38461319	rs61776719
1	40298568	rs67546362
1	40299684	rs35457183
1	40300854	rs7551527
1	40301577	rs146183217
1	40314932	rs10789048
1	40319379	rs2311342
1	40319587	rs2294814
1	40324097	rs6680378
1	40337124	rs6600305
1	40343432	rs10789049
1	40345258	rs11207044
1	40345614	rs6600306
1	40345731	rs6600307
1	40349410	rs7535397
1	40352027	rs9438932
1	41365445	rs12120974
1	41366059	rs12026763
1	47947752	rs7520501
1	47948116	rs7537074
1	47948618	rs7539808
1	47949504	rs12057975
1	47949839	rs12073605
1	47950551	rs11211540
1	47951688	rs11800497
1	47952266	rs1337524
1	47954233	rs11211542
1	47981523	rs11585530
1	47984438	rs647932
1	47984692	rs471608
1	47984920	rs635710
1	47985114	rs578335
1	50862183	rs2784128
1	50862738	rs4024597
1	50862893	rs2653876
1	50862994	rs2653875
1	50863012	rs2653874
1	50863031	rs2784127
1	50863112	rs2784126
1	50863159	rs2484682
1	50863166	rs2484681
1	54015832	rs12081852
1	54024086	rs61770270
1	54208046	rs797898
1	54208626	rs702487
1	54208835	rs797896
1	54210899	rs1780382
1	118799439	rs9661113
1	118799927	rs7551954
1	118802310	rs1344010
1	118805143	rs142774061
1	118809850	rs10923528
1	118845756	rs6428738
1	118883973	rs12735613
1	119262909	rs78750644
1	119581151	rs17023135
1	119738959	rs72707347
1	149906413	rs11205303
1	152083325	rs11803731
1	152088844	rs36010924
1	153221635	rs12760683
1	153225168	rs12142970
1	153230954	rs11589914
1	153233488	rs150026164
1	153234295	rs12043009
1	153236777	rs12139564
1	153773150	rs34514501
1	153788211	rs72694220
1	153790501	rs4363451
1	153816752	rs72694231
1	153834868	rs6694061
1	153840505	rs12567313
1	153854380	rs12043350
1	153886762	rs12032914
1	153904338	rs11264619
1	153907839	rs58095661
1	153921483	rs111395902
1	153927270	rs10908558
1	153934203	rs3791187
1	164179422	rs6681517
1	164180204	rs1591645
1	164182920	rs10917948
1	164188254	rs140548670
1	164188311	rs147098381
1	164191393	rs61802992
1	164208594	rs4657353
1	164480414	rs68096672
1	164492154	rs12402920
1	164595665	rs12746980
1	164597746	rs12405219
1	170318431	rs12139302
1	170762636	rs10753819
1	170763636	rs10753820
1	170764915	rs10800542
1	170765768	rs10800543
1	170767519	rs763770
1	198745722	rs16843807
1	201437832	rs35383942
1	203790079	rs116315504
1	209997692	rs10218448
1	210000390	rs28601717
1	210001543	rs12404886
1	210005168	rs11810091
1	210005821	rs10127937
1	210008374	rs41274838
1	210009384	rs56268268
1	210009404	rs56071308
1	214678480	rs17734758
1	219958676	rs1418751
1	219958807	rs1891563
1	219959033	rs11118417
1	219959102	rs10863498
1	219959172	rs4488038
1	219959202	rs4488039
1	219959304	rs4381192
1	219959531	rs12402379
1	219959611	rs12404893
1	219959638	rs12403765
1	219959972	rs1578745
1	219959984	rs1578746
1	219960065	rs1578747
1	219960428	rs10863499
1	219960509	rs10779384
1	219960766	rs1361786
1	219960792	rs1361787
1	219960798	rs1361788
1	219960912	rs1361789
1	219961002	rs4846592
1	219961065	rs4846593
1	219961170	rs4846594
1	219961284	rs68187374
1	219961380	rs4846597
1	219961394	rs150295470
1	219961395	rs545525317
1	219961396	rs376384169
1	219961399	rs368871940
1	219961492	rs4846598
1	219961690	rs10863500
1	219961727	rs10863501
1	219962034	rs6541098
1	219962047	rs6541099
1	219962154	rs6541101
1	219962312	rs6541102
1	219962548	rs7518186
1	219962592	rs6541103
1	219962597	rs6541104
1	219962802	rs7520855
1	219963090	rs4431849
1	219963447	rs11118418
1	219963471	rs10863502
1	219964496	rs12118160
1	219964513	rs7535061
1	219964598	rs12749631
1	219964872	rs7537543
1	219966222	rs12049480
1	219966254	rs12406190
1	219967736	rs4846600
1	219967787	rs4846601
1	219967924	rs4846602
1	219968010	rs4846603
2	6564775	rs452738
2	13077044	rs17381536
2	13079329	rs35829191
2	13084883	rs17466126
2	13084890	rs67015341
2	13085599	rs7558953
2	13086006	rs36070320
2	13086450	rs13014567
2	13087232	rs6727085
2	13087425	rs34952753
2	13088380	rs17381690
2	13088574	rs17466217
2	13089072	rs7584450
2	13090410	rs7577658
2	18728276	rs2346133
2	28371194	rs1387573
2	28374098	rs13392693
2	30590774	rs12714305
2	30591002	rs34113782
2	30591007	rs35533091
2	31989359	rs113017476
2	32183611	rs7559329
2	42202161	rs11678176
2	43254399	rs7593137
2	43587504	rs6732426
2	43685109	rs7572923
2	43685493	rs7599799
2	43685625	rs7573500
2	43686245	rs17030835
2	43686985	rs79955955
2	43687879	rs17030845
2	56040099	rs10199082
2	60607728	rs13027161
2	60608759	rs2540917
2	60609189	rs2540915
2	60609896	rs1553934
2	60611228	rs56071831
2	60611285	rs925483
2	60611437	rs925484
2	60612008	rs2137281
2	60621766	rs243066
2	60623676	rs243062
2	60630667	rs12988871
2	67687629	rs6731529
2	67871388	rs1897182
2	68082046	rs1393823
2	68160635	rs6757022
2	68161274	rs6718684
2	68161375	rs6718811
2	68161458	rs6760984
2	68161560	rs6718988
2	68162431	rs62146538
2	68162543	rs62146539
2	68162546	rs62146540
2	68163365	rs6740010
2	68163855	rs56396620
2	68164262	rs7573022
2	145634153	rs6738560
2	145638365	rs6430070
2	145644545	rs4662402
2	145645775	rs10928232
2	171353384	rs13008935
2	171353842	rs2083212
2	174276685	rs76536316
2	174314025	rs77375770
2	174607506	rs16862069
2	176964947	rs33921199
2	176992220	rs861770
2	177054769	rs6710142
2	177091804	rs17805814
2	177119342	rs6755093
2	177396517	rs16863925
2	177586748	rs1513883
2	177589998	rs2885629
2	177799409	rs6707899
2	177803038	rs1527266
2	177804702	rs6710025
2	177805614	rs10652683
2	177898195	rs10930774
2	177903423	rs6729234
2	177928171	rs4893924
2	177929116	rs6705423
2	202949672	rs1521883
2	202949851	rs1521882
2	202951681	rs1521881
2	202952129	rs11678462
2	219755011	rs121908120
2	219756383	rs7349332
2	223048543	rs6727271
2	223049021	rs6730714
2	223050676	rs34561817
2	223051584	rs34960610
2	223053821	rs35495595
2	223054489	rs16863486
2	223054491	rs10498128
2	223055264	rs16863488
2	223055353	rs10498129
2	223055411	rs10498130
2	223056083	rs7560114
2	223059484	rs16863491
2	223059716	rs35386469
2	223060266	rs7601832
2	223060393	rs7563168
2	223060965	rs991924
2	223061087	rs991923
2	223061202	rs991922
2	223061353	rs2894457
2	223062897	rs35403140
2	223065404	rs45608838
2	223066237	rs13014735
2	223070813	rs7602893
2	223070861	rs7564011
2	223080192	rs2578449
2	223087329	rs7590866
2	223095968	rs1549773
2	223105017	rs16863558
2	232365320	rs7609493
2	232367511	rs12987949
2	232369798	rs1584462
2	239559769	rs907099
2	239561888	rs1810138
2	239563579	rs907100
2	239564458	rs907101
2	239564503	rs907102
2	239564541	rs907103
2	239564564	rs907104
2	239564713	rs4998694
2	239564753	rs4998693
2	239564772	rs4998692
2	239565052	rs907105
2	239565413	rs10191070
2	239565612	rs2334022
2	239565686	rs3042792
2	239565780	rs907107
2	239566285	rs907108
2	239566391	rs907110
2	239566426	rs907111
2	239566705	rs10207724
2	239566874	rs6713610
2	239566943	rs6731675
2	239567125	rs4994756
2	239695893	rs11684254
2	239727494	rs9749905
2	239731775	rs72986341
2	239732265	rs72986342
2	239734678	rs9752491
2	239735812	rs9751918
2	239735823	rs9752106
2	239735832	rs9752108
2	239735959	rs9752117
2	239736364	rs9750952
2	239736449	rs9752157
2	239736496	rs9750963
2	239736826	rs72986357
2	239737355	rs72988216
2	239737931	rs72988219
2	239738782	rs56008901
2	239738948	rs55996309
2	239739563	rs77755556
2	239739564	rs76346038
2	239740729	rs72988222
2	239949681	rs4075018
2	240018812	rs3791382
2	240023075	rs10169279
2	240106195	rs67387198
2	240109281	rs3791551
2	240109477	rs3791553
2	241364029	rs1317475
2	241364237	rs7605913
2	241364577	rs7606292
2	241364823	rs35009601
2	241365255	rs7601110
2	241365695	rs6437339
2	241366100	rs6745300
2	241366233	rs1573783
2	241366360	rs1573784
2	241366420	rs1573785
2	241366534	rs1573782
2	241366623	rs7560829
2	241367059	rs6437340
2	241367083	rs6437341
2	241367465	rs6437343
2	241368076	rs6716845
2	241368726	rs10178074
2	241369065	rs12695018
2	241370749	rs9973642
2	241371065	rs6707262
2	241371723	rs7593914
2	241372002	rs7604524
3	20196040	rs6550374
3	20216692	rs978928
3	20216914	rs6796884
3	20217124	rs55831438
3	20217148	rs6809221
3	20220156	rs6550403
3	20220273	rs6773807
3	20220712	rs6767049
3	20224770	rs9310613
3	20228770	rs1995722
3	20231204	rs6550412
3	20233186	rs7635559
3	20234480	rs4364184
3	20237371	rs970589
3	30514360	rs62244772
3	41261979	rs1798802
3	107424090	rs9846246
3	110183824	rs72118595
3	110186035	rs12635294
3	110186551	rs1533212
3	110190870	rs12633668
3	110193008	rs4682587
3	110194064	rs1106078
3	110194865	rs56046351
3	110194906	rs146603170
3	110195966	rs6787448
3	110198192	rs12629741
3	110198813	rs13065612
3	110200477	rs12636721
3	110202377	rs34008218
3	110204273	rs11721302
3	110205095	rs35225876
3	110205531	rs35859521
3	110207556	rs11713405
3	110209493	rs13069621
3	110209814	rs13070606
3	110210628	rs4682588
3	110211414	rs34488984
3	110211415	rs34689572
3	110215145	rs34563577
3	110216839	rs34308462
3	110217458	rs4682592
3	110219439	rs6765098
3	110221109	rs61333724
3	110223823	rs13060335
3	110224563	rs78626047
3	110224707	rs71323156
3	110227497	rs11712226
3	110228202	rs62271604
3	110228234	rs62271605
3	110229742	rs4682178
3	110230045	rs7629756
3	110230920	rs13095342
3	110231277	rs1533190
3	110231481	rs1533189
3	110235024	rs7628857
3	110236313	rs13093864
3	110236569	rs13094824
3	110236622	rs36099671
3	110238230	rs10934044
3	110240057	rs17280915
3	110241058	rs35250043
3	110243005	rs11708299
3	110243135	rs11719899
3	114084867	rs114298191
3	114086151	rs201385906
3	114087199	rs80316439
3	114091517	rs76249341
3	114091698	rs201618911
3	114097185	rs114175744
3	114106076	rs9837270
3	114106253	rs9837485
3	125926638	rs11714936
3	125990422	rs6785553
3	126069935	rs56298688
3	126070126	rs6764427
3	126096087	rs1107350
3	126704332	rs9832409
3	126706800	rs7649075
3	126708453	rs6773789
3	126728196	rs2361703
3	135624570	rs9819988
3	135625723	rs6773469
3	135625958	rs9876837
3	135627433	rs6802139
3	135634029	rs9824558
3	135634917	rs7609938
3	135637457	rs9813082
3	135654467	rs66544356
3	135656267	rs9877191
3	135658315	rs34485548
3	135665019	rs28453905
3	138649661	rs68035927
3	138649946	rs58376538
3	138650194	rs59302393
3	138713704	rs1511412
3	138981057	rs1602632
3	139004920	rs10212419
3	139030783	rs6781671
3	139031354	rs13074461
3	139031773	rs10513062
3	141106063	rs7632381
3	141110074	rs4683606
3	141118028	rs13068733
3	141121814	rs2871960
3	141125186	rs1344674
3	141125705	rs1344672
3	151640832	rs56034207
3	151641829	rs12490089
3	151643729	rs62274938
3	151723468	rs12495810
3	151724396	rs4588343
3	151724446	rs4367039
3	151724954	rs17283297
3	151729003	rs17204760
3	151741599	rs1600349
3	151751214	rs28393386
3	151762473	rs9852212
3	151766892	rs12485882
3	151768821	rs6776196
3	151774461	rs35255777
3	151774502	rs9850680
3	151775979	rs12489232
3	151779154	rs1474189
3	151781538	rs9821645
3	157493988	rs7630713
3	157494080	rs1685680
3	157494718	rs792738
3	157497702	rs9816738
3	157500853	rs9836369
3	157501826	rs9857956
3	157502767	rs11712832
3	157502930	rs9847213
3	157503091	rs9809803
3	157503890	rs1552486
3	157504375	rs1552487
3	157505518	rs1994480
3	157506537	rs10446283
3	157506656	rs10446335
3	157509194	rs10222405
3	157510684	rs11360970
3	181517982	rs833268
3	181520166	rs833270
3	182245153	rs1457566
3	182302081	rs3109219
3	182350796	rs62293004
4	1783128	rs56089535
4	1783354	rs28522345
4	53879085	rs4864709
4	54524848	rs6849381
4	54525329	rs12645402
4	54526477	rs2086048
4	54527026	rs13134680
4	54527112	rs2054407
4	81164528	rs72658308
4	81164832	rs72658309
4	81205868	rs7681907
4	81279505	rs2125235
4	81289362	rs897962
4	81290109	rs5859723
4	81297514	rs74582406
4	81297912	rs78117713
4	81300293	rs6818725
4	81302880	rs72860705
4	81304506	rs74515149
4	81304724	rs72860710
4	103188709	rs13107325
4	107502609	rs62320238
4	107502909	rs17358433
4	107503467	rs142954796
4	107504053	rs17292591
4	107505548	rs17292661
4	107507626	rs62320241
4	107508191	rs62320242
4	107879506	rs114223960
4	107883351	rs80347277
4	107944395	rs2156505
4	107945576	rs17037243
4	107945942	rs34940017
4	107946018	rs13135443
4	107946213	rs4956276
4	107946287	rs4956277
4	107946713	rs4956278
4	107947064	rs17037264
4	107947168	rs17037266
4	107947462	rs17037267
4	107947570	rs34104802
4	107947648	rs17037269
4	107947808	rs2212968
4	107948044	rs4956279
4	107948100	rs4956280
4	107948113	rs4956281
4	107948203	rs4956282
4	108104916	rs78680444
4	124477411	rs74440073
4	124480343	rs76001808
4	124481168	rs77640842
4	124487058	rs116742996
4	124498917	rs114355217
4	124503079	rs77479639
4	125109981	rs72674765
4	125116198	rs6822804
4	125123223	rs62320367
4	125148437	rs72674787
4	125167787	rs62320402
4	125170693	rs143880336
4	125192023	rs142530026
4	125194395	rs7656449
4	154379959	rs9999331
5	57111084	rs6892809
5	57126411	rs35483666
5	57351600	rs10061189
5	67272056	rs10038497
5	88376061	rs1366594
5	92703103	rs1903359
5	92708963	rs269697
5	92711942	rs269699
5	92718948	rs898597
5	92719714	rs2607279
5	92720148	rs6420123
5	92720453	rs187931
5	92724979	rs269701
5	92728547	rs269703
5	102537285	rs36046591
5	111054904	rs17132976
5	111057008	rs59784561
5	111057011	rs57979715
5	111058657	rs17842602
5	122443778	rs335144
5	122444380	rs335857
5	122444837	rs335147
5	122445296	rs464106
5	122446128	rs335193
5	122446410	rs335191
5	122475779	rs335158
5	122478001	rs10629804
5	122478676	rs335160
5	122478931	rs419771
5	122479838	rs335175
5	122480261	rs374621
5	122480902	rs335173
5	122481271	rs335172
5	122483766	rs233173
5	122483855	rs372478
5	122484454	rs408054
5	122484529	rs443382
5	122485629	rs335155
5	122485659	rs335154
5	122485679	rs335153
5	122485731	rs335152
5	122485955	rs335151
5	122486143	rs335150
5	122486729	rs335149
5	122487045	rs335148
5	122487549	rs173028
5	122487696	rs68573
5	132426851	rs147133967
5	132444128	rs72801474
5	153846922	rs115606637
5	157482258	rs2984644
5	157490265	rs75394533
5	157490835	rs3117720
5	157492454	rs3096002
5	157493775	rs962578
5	157496633	rs1957557
5	157498923	rs1951619
5	157501207	rs73301434
5	157878160	rs10045014
5	158173133	rs17634544
5	158296996	rs2072495
5	158445402	rs35268985
5	158506134	rs1422668
5	171852179	rs11134748
5	177933945	rs629241
6	396321	rs12203592
6	1408677	rs11753773
6	1408767	rs11756214
6	4391550	rs11965881
6	4616390	rs7757081
6	7211751	rs1334577
6	7214676	rs12530084
6	8892903	rs4246083
6	8892904	rs4246084
6	8967720	rs141784207
6	8968781	rs77502195
6	9003456	rs909780
6	9020424	rs384323
6	9102386	rs4626470
6	9263380	rs9350344
6	9269394	rs9366418
6	9278359	rs9393335
6	9310422	rs9467657
6	9316230	rs10946840
6	9318094	rs6936030
6	9318963	rs4711131
6	9323371	rs9393809
6	9326118	rs9393828
6	9328128	rs9461413
6	9328519	rs12214586
6	9329579	rs1590534
6	9329793	rs2327165
6	9331560	rs9468299
6	9332725	rs9393912
6	9487676	rs1003063
6	9505656	rs9357488
6	9506512	rs149848438
6	9506817	rs9369575
6	9506846	rs9395113
6	9506890	rs9395114
6	9506965	rs9369576
6	9507248	rs2876168
6	9507254	rs5874215
6	9507336	rs4569953
6	9507407	rs2327187
6	9507694	rs35620960
6	9507995	rs6458472
6	9508228	rs7765101
6	9508340	rs9395132
6	9508647	rs9296475
6	9508773	rs9357495
6	9509021	rs12174221
6	9509256	rs114190032
6	9509380	rs35971385
6	9585861	rs1543354
6	9585865	rs9474645
6	9585975	rs11963066
6	9586224	rs9474654
6	9586477	rs9474658
6	9586813	rs1543353
6	9586980	rs1543352
6	9587823	rs10080668
6	9588155	rs9296729
6	9588165	rs9296730
6	9588552	rs11755933
6	9588630	rs11754418
6	9588642	rs11754439
6	9588660	rs11755955
6	9589511	rs199840171
6	9589646	rs201055732
6	9590532	rs3037085
6	9590681	rs11756678
6	9590731	rs9474769
6	9590924	rs9474778
6	9591397	rs9474795
6	9591552	rs57158699
6	9591568	rs59619873
6	9624567	rs12200853
6	9625073	rs12202462
6	9635962	rs12154211
6	9642212	rs7349871
6	9643422	rs12202027
6	10236775	rs72834043
6	21912353	rs9368366
6	21912515	rs72828789
6	21912574	rs9368367
6	21912632	rs9368368
6	21926318	rs1328480
6	37788004	rs77714510
6	37790032	rs11755095
6	37790385	rs2025431
6	37791896	rs10485030
6	37792990	rs12661702
6	37793741	rs2274091
6	37794024	rs5875597
6	37795946	rs12661378
6	37797305	rs7761561
6	37797857	rs13195545
6	37801593	rs61622475
6	37802676	rs10947702
6	37804263	rs7764130
6	37805110	rs12662426
6	37807298	rs574267112;rs71542140
6	37809718	rs11965192
6	37810044	rs35122358
6	37810668	rs7759145
6	37815221	rs13205311
6	37816202	rs7742226
6	37817564	rs11967129
6	37820277	rs35685493
6	37820530	rs11751962
6	37821847	rs11759496
6	37822963	rs11757161
6	37823290	rs35216205
6	37827375	rs7773419
6	37827894	rs56129320
6	37832491	rs12664768
6	37840250	rs11755629
6	37840503	rs61411293
6	37841326	rs35575328
6	37842019	rs58611435
6	37846257	rs6903743
6	37847116	rs73419440
6	37849782	rs55679841
6	37849874	rs58333612
6	37859856	rs7746266
6	37865410	rs6911716
6	37868135	rs11756713
6	37868803	rs34669696
6	37869711	rs12664091
6	37875027	rs3844314
6	37880743	rs34254045
6	37882677	rs34100052
6	37886606	rs12660919
6	37906765	rs2645130
6	37909084	rs2842510
6	37922009	rs36082849
6	37944927	rs2645111
6	37949319	rs2645125
6	41427582	rs1853835
6	41428950	rs2477826
6	44867254	rs567054
6	44935341	rs636845
6	44946550	rs2396371
6	44952441	rs9357464
6	45123716	rs1285031
6	45134122	rs1797159
6	45136347	rs1324530
6	45143329	rs1748238
6	45145420	rs6910654
6	45156429	rs7740542
6	45156476	rs7760954
6	45185217	rs6458429
6	45190804	rs9395081
6	45200675	rs2057553
6	45214677	rs9472453
6	45216809	rs6458434
6	45229220	rs34167737
6	45229717	rs75833179
6	45230681	rs4714846
6	45237472	rs73735337
6	45243646	rs4339452
6	45245465	rs55959525
6	45253085	rs142343743
6	45258295	rs4312985
6	45262220	rs74376661
6	45262803	rs4341001
6	45263769	rs74851310
6	45264977	rs60826731
6	45266307	rs4236086
6	45268174	rs4711813
6	45269876	rs12524270
6	45270906	rs79798635
6	45271759	rs60346641
6	45272383	rs56243649
6	45273658	rs12662664
6	45273831	rs12662685
6	45273952	rs73735357
6	45274514	rs143134576
6	45274988	rs12527586
6	45276265	rs7381992
6	45276270	rs200139947
6	45276271	rs7382013
6	45277862	rs4714850
6	45278342	rs79424263
6	45282067	rs10948225
6	45283860	rs12525603
6	45284210	rs80250874
6	45288088	rs4401652
6	45288980	rs73735369
6	45291381	rs4590263
6	45292279	rs12526484
6	45295722	rs59983488
6	45298648	rs73735374
6	45298649	rs73735375
6	45300396	rs16873345
6	45300951	rs34677014
6	45301070	rs28360524
6	45306107	rs10948227
6	45306232	rs10948228
6	45306471	rs967588
6	45309632	rs7760112
6	45315328	rs12529295
6	45318002	rs2024787
6	45322223	rs6458440
6	45322383	rs73735386
6	45323154	rs35113845
6	45326862	rs1406848
6	45331469	rs12663469
6	45333184	rs2295296
6	45336723	rs149491156
6	45343871	rs4714853
6	45730230	rs9395115
6	45731492	rs986736
6	45732990	rs9349328
6	45733786	rs71730246
6	45734004	rs10948253
6	45741255	rs9381397
6	45742506	rs10498761
6	45743473	rs12212018
6	45747874	rs12194315
6	45748423	rs1414104
6	85727222	rs6914541
6	85727796	rs7773154
6	85729006	rs6926432
6	85730703	rs9450113
6	85730931	rs7744857
6	85731395	rs7765389
6	85731732	rs16875539
6	85731916	rs150245631
6	85732193	rs1322877
6	85732288	rs6912919
6	85732620	rs11757178
6	85733249	rs7755760
6	85733303	rs143425589
6	85733680	rs11753240
6	85733881	rs2224635
6	100820524	rs9399548
6	100831997	rs9403732
6	100833779	rs10872578
6	100835658	rs11155436
6	100845429	rs9376959
6	100845644	rs9376960
6	105995548	rs1040664
6	105997617	rs6934122
6	106040346	rs743952
6	106040613	rs2013092
6	106201804	rs4946690
6	106205297	rs1948999
6	106244548	rs17066312
6	106317587	rs78415721
6	106630148	rs73520690
6	106641708	rs11754416
6	106644934	rs73522606
6	106646096	rs73522610
6	106647751	rs73522612
6	106648060	rs75555184
6	106662676	rs73522625
6	106665741	rs34223026
6	106666878	rs138748201
6	106667991	rs1769963
6	106669434	rs1769964
6	106669459	rs2853338
6	106673798	rs2853340
6	106675819	rs1769972
6	106675995	rs1769971
6	106676198	rs1769970
6	106677444	rs150400040
6	106677451	rs144546416
6	106679420	rs1766196
6	106682096	rs2787521
6	106687869	rs2787527
6	106691583	rs2787529
6	106697333	rs1769974
6	106700969	rs2743563
6	106701434	rs2787531
6	106702234	rs1769981
6	106704068	rs34007619
6	106704423	rs2791114
6	106710092	rs1626503
6	106711887	rs140178532
6	106711888	rs146617176
6	106714163	rs115859095
6	106722616	rs1623780
6	106723227	rs2757133
6	106726172	rs1769975
6	106728437	rs138940969
6	106730738	rs138770063
6	106737350	rs2787540
6	111776335	rs34530632
6	111807340	rs2025268
6	111809918	rs7776184
6	111810216	rs7776286
6	111815963	rs2146459
6	111816975	rs7450789
6	111819044	rs4947120
6	111819361	rs5879106
6	111820382	rs6927920
6	111821182	rs4145457
6	111826295	rs3851226
6	111829239	rs9481155
6	111840214	rs146416230
6	111840562	rs4458728
6	111843855	rs76204397
6	111849347	rs76565787
6	111850541	rs9387014
6	111985009	rs9374270
6	111985120	rs2237251
6	111985954	rs142197064
6	111986509	rs3831520
6	111995666	rs3730353
6	111996987	rs12192327
6	126068914	rs1935983
6	126069702	rs1343116
6	126069817	rs1343115
6	126072853	rs2875881
6	126075103	rs3799712
6	126454153	rs10872307
6	126460235	rs12204717
6	126464236	rs1360328
6	126666416	rs6907898
6	126669479	rs9401876
6	126674354	rs2045258
6	126698719	rs9388489
6	126699050	rs67126256
6	126726295	rs9398805
6	126727950	rs4897180
6	126748493	rs1538172
6	126751921	rs9401881
6	126752798	rs4565329
6	126752874	rs1538170
6	126752884	rs1538171
6	126755055	rs9401882
6	126758540	rs9375439
6	126758791	rs9398808
6	126764190	rs9385400
6	126771024	rs1337735
6	126773487	rs2184967
6	126778600	rs9375441
6	126781434	rs4895808
6	126789144	rs9398809
6	126789472	rs9385401
6	126801144	rs1159619
6	126805255	rs2050644
6	126808637	rs1120786
6	126809870	rs9372839
6	126819699	rs4418209
6	126825837	rs9401885
6	126829981	rs7738135
6	126830512	rs4053271
6	126834083	rs1490387
6	126835015	rs9375446
6	126835655	rs1490388
6	126837663	rs1907067
6	130341235	rs113898003
6	131388024	rs9483210
6	131388604	rs6926372
6	131389683	rs10611904
6	135482819	rs6922541
6	170467154	rs750710
6	170472242	rs12526455
6	170475611	rs13216621
6	170478328	rs2279679
6	170481934	rs34645674
7	541431	rs10225512
7	563526	rs62433359
7	563698	rs148648859
7	564083	rs9801236
7	564096	rs9801466
7	564240	rs9801322
7	564254	rs200064614
7	18710388	rs801525
7	18911957	rs6951745
7	18956831	rs17140258
7	18957353	rs10264621
7	19137228	rs17436053
7	19141259	rs17140672
7	19145326	rs73325511
7	26765596	rs1129771
7	26765987	rs11976472
7	29332233	rs4722897
7	46678886	rs35455805
7	46855701	rs73694433
7	46858528	rs73119106
7	46860033	rs4720554
7	46860124	rs4720555
7	46861089	rs201815048
7	46861112	rs200154738
7	46865562	rs576342571;rs34704984
7	46865620	rs12540543
7	46865930	rs9791386
7	46866208	rs9791388
7	46867273	rs62450869
7	46867427	rs2881203
7	46867463	rs2345713
7	46868549	rs2345711
7	46868601	rs2345710
7	46868977	rs4724505
7	46869679	rs12531932
7	46888951	rs4573161
7	46890208	rs12702260
7	46892660	rs4609116
7	46896911	rs9655477
7	46897107	rs9655053
7	46899072	rs4345475
7	47033920	rs7804168
7	47034291	rs7804755
7	47034596	rs34614572
7	47037846	rs28495825
7	47037976	rs28367379
7	47038702	rs995794
7	47039568	rs12668705
7	47040200	rs1859523
7	47040608	rs996559
7	47041825	rs28757789
7	47045392	rs2346858
7	47047326	rs2881491
7	47055644	rs9784985
7	47057882	rs73090642
7	47059736	rs10282172
7	68595572	rs6950087
7	68616110	rs1195227
7	68897139	rs10950188
7	73301666	rs4717829
7	85090511	rs1403789
7	130737570	rs754861
7	130742436	rs74701299
7	130748821	rs7802667
7	130752675	rs57044435
7	130989335	rs4728218
7	130989853	rs4731789
7	130991609	rs10954315
7	130994380	rs9719620
7	130994779	rs4506137
7	130995562	rs13226691
7	130996875	rs35026077
7	130997997	rs11763660
7	130999047	rs13238585
7	130999270	rs34383752
7	131001466	rs71578952
7	140223704	rs6963892
7	140224656	rs6965362
7	140225750	rs2252397
8	29651779	rs9694643
8	29652223	rs10099753
8	29653489	rs28580772
8	49099883	rs55826459
8	77652238	rs16939347
8	77662034	rs10504638
8	77662796	rs7822501
8	77663038	rs7822914
8	77663402	rs6472982
8	77666615	rs113266499
8	77671720	rs6993709
8	77674304	rs6985167
8	97163019	rs11784241
8	101033737	rs2126076
8	108969840	rs598944
8	108970264	rs3039298
8	108970367	rs601558
8	108971017	rs614519
8	109067613	rs117954051
8	109093743	rs34657911
8	109094747	rs10955475
8	109102889	rs62537976
8	109102992	rs62537977
8	109103000	rs62537978
8	109112070	rs1041791
8	109112384	rs16877181
8	109118006	rs111800021
8	109118648	rs34545768
8	109119118	rs111592659
8	109119977	rs111242603
8	109121458	rs71524741
8	109121898	rs201925098
8	109125117	rs13257351
8	109127521	rs10505119
8	109127907	rs11774380
8	109133379	rs3886102
8	109133701	rs4734171
8	109137045	rs116913389
8	109139302	rs143702036
8	109140592	rs4735043
8	109154752	rs11780793
8	109155801	rs13259211
8	109167551	rs10435539
8	109167581	rs10435540
8	109171170	rs34042258
8	109394188	rs118013985
8	109677252	rs77901450
8	116436385	rs800895
8	116896366	rs79652945
8	116898903	rs975771
8	116900774	rs976304
8	116900786	rs976305
8	116901047	rs5894297
8	116901137	rs976306
8	116902470	rs7812812
8	116905042	rs6469609
8	116906250	rs138946835
8	116908222	rs2205259
8	116908644	rs2358066
8	116909222	rs12676086
8	116909621	rs2049836
8	116910767	rs16887886
8	116912796	rs7836109
8	116914050	rs11306877
8	116914968	rs7814835
8	116916017	rs74653801
8	116916019	rs75576474
8	116916852	rs6469611
8	116919724	rs7006245
8	116922889	rs12682107
8	116923784	rs73703839
8	116929802	rs6993628
8	117010468	rs2223056
8	117011796	rs2223057
8	117011884	rs2205262
8	117011898	rs2205263
8	117225989	rs10090449
8	122644687	rs4437656
8	122647485	rs7817920
8	122647683	rs7834455
8	125983513	rs10216983
8	125985066	rs147162773
8	125989649	rs10105106
8	125989852	rs10107774
8	125991872	rs34299285
8	125991884	rs151282323
8	129725160	rs74847845
8	129726429	rs74566191
8	129744961	rs79297614
8	129946154	rs987525
8	130699140	rs10956486
9	224367	rs542669
9	4291747	rs7020673
9	13097571	rs62532649
9	38085784	rs7037490
9	75194066	rs11143332
9	75194838	rs7025908
9	75195511	rs66520913
9	75196435	rs7865981
9	75196489	rs7869008
9	75197125	rs6560294
9	75197295	rs6560295
9	75200657	rs7853366
9	75200926	rs4300059
9	75202137	rs6560296
9	77237185	rs75206074
9	82333000	rs7022923
9	82333010	rs7039108
9	82335494	rs10512090
9	83488864	rs11138885
9	109682501	rs10978672
9	109682871	rs10978673
9	109685081	rs10978676
9	109687403	rs17723637
9	111016395	rs7034951
9	111016692	rs10979293
9	111622064	rs10114192
9	116546611	rs10981924
9	116814661	rs12683020
9	126811296	rs12344562
9	129164360	rs73668020
9	129166015	rs16928974
9	129166956	rs59585785
9	129169247	rs56780873
9	129170882	rs56159772
9	133926152	rs10901331
9	133926616	rs10793984
9	133927878	rs10901333
10	32602770	rs76261510
10	32613714	rs11597157
10	32613737	rs11597137
10	32615135	rs16933243
10	32615445	rs11599044
10	32618022	rs79806114
10	32631785	rs76998371
10	32634972	rs2370759
10	32635834	rs11597888
10	32639093	rs7910776
10	54334653	rs7905367
10	62907226	rs7911302
10	62907916	rs7900782
10	62909319	rs1125411
10	62910166	rs7917894
10	62910364	rs7901559
10	62910516	rs10761572
10	62911175	rs7905566
10	62911677	rs5785477
10	62912994	rs10994654
10	62915786	rs1906458
10	77235702	rs10762668
10	77242828	rs10824309
10	77713225	rs4145021
10	78171666	rs117246174
10	78194791	rs1907349
10	78194812	rs1907350
10	78197583	rs17380920
10	78198107	rs1907352
10	78843384	rs61866982
10	78845149	rs3781167
10	78845240	rs3781168
10	78845389	rs61866984
10	78855282	rs61866986
10	78855866	rs72805526
10	78856136	rs61866987
10	79566407	rs10762765
10	90072352	rs10509543
10	126337350	rs876352
10	126348061	rs11245325
10	126355477	rs3781451
10	126368119	rs35645049
10	126371957	rs4962683
10	126412475	rs17152246
11	12413882	rs78579551
11	12414107	rs4757419
11	12414247	rs1896127
11	12414538	rs76300266
11	12414712	rs61875435
11	12414841	rs61875436
11	12415077	rs4757420
11	12415504	rs61875437
11	27390144	rs34717439
11	27398271	rs11029984
11	27399413	rs11029985
11	27401389	rs11029986
11	27403981	rs5790650
11	44151480	rs11037881
11	44158438	rs4379834
11	44378010	rs10838269
11	44379825	rs7114410
11	44386536	rs139282252
11	44387695	rs78576721
11	44430453	rs897010
11	44430767	rs10769043
11	44430864	rs2902408
11	44431093	rs5791626
11	44431116	rs2085036
11	44431327	rs10769044
11	44431445	rs10769045
11	44431498	rs10769046
11	44431615	rs4755826
11	44431739	rs2863080
11	44431807	rs2863081
11	44431850	rs2902409
11	44432040	rs2863083
11	44432359	rs10674046
11	44432418	rs6485523
11	44432577	rs6485525
11	44432638	rs7130124
11	44432655	rs7115785
11	44444702	rs60090698
11	61609750	rs174583
11	65498942	rs576663
11	65500530	rs470360
11	65502413	rs1941746
11	65504900	rs537385
11	65505289	rs585272
11	65507605	rs603509
11	65513107	rs593982
11	69084550	rs7481709
11	69262428	rs7394746
11	69332260	rs559664
11	69332400	rs561337
11	69335546	rs2510848
11	122011855	rs486510
11	126281897	rs4937126
12	12267520	rs12826332
12	12267823	rs34372334
12	12269960	rs3741792
12	12270560	rs71457129
12	12271574	rs71457130
12	12271767	rs140578950
12	12272656	rs35025692
12	12434997	rs7954168
12	14576482	rs10845995
12	14587301	rs3213764
12	14625053	rs36058865
12	14628773	rs7313259
12	20782116	rs11045347
12	26426338	rs9668337
12	26426420	rs9668810
12	26426671	rs9300169
12	26427462	rs73072457
12	26433582	rs73072478
12	26453764	rs931384
12	28093612	rs10843026
12	28118847	rs805512
12	29161169	rs7973884
12	29161215	rs11049985
12	29161380	rs10743635
12	29165649	rs4931127
12	29166826	rs143938369
12	29166870	rs1965123
12	29166892	rs1965124
12	29167489	rs7135789
12	29167630	rs10734766
12	29167767	rs4931128
12	29167983	rs4931129
12	29168827	rs2349570
12	29169946	rs33949457
12	29170250	rs4433612
12	29170266	rs4447213
12	29170442	rs6487740
12	29171388	rs4931134
12	29171508	rs537919738;rs538644272
12	29171589	rs7315683
12	29171732	rs7299593
12	29172245	rs1561129
12	29172321	rs1865771
12	29172333	rs1865770
12	29172352	rs1865769
12	29173083	rs4558201
12	29173557	rs10843295
12	29174092	rs6487741
12	29174197	rs4583013
12	29175902	rs6487742
12	29176956	rs7136128
12	29177603	rs2060568
12	29177720	rs2060567
12	29177796	rs7295074
12	29177906	rs7311435
12	29179523	rs2099530
12	29181095	rs35902406
12	29181920	rs4930843
12	29182493	rs2349571
12	29182524	rs2349572
12	29182759	rs7139000
12	29183074	rs7297486
12	29183694	rs6487745
12	29183854	rs1865767
12	29184126	rs1865766
12	29184901	rs10743638
12	29185021	rs7302810
12	29185316	rs6487746
12	29186748	rs7962367
12	29187251	rs7978997
12	29188024	rs7301343
12	29188584	rs2117996
12	29189337	rs6487749
12	29189592	rs2164494
12	29190261	rs4931135
12	29191082	rs7308854
12	29191852	rs11333309
12	29192282	rs10771467
12	29195021	rs5797294
12	51203371	rs1129406
12	51204938	rs11169567
12	51211775	rs11426539
12	51216890	rs11169572
12	52932592	rs7961185
12	52932686	rs76960980
12	52933917	rs10876307
12	52935041	rs606560
12	52935161	rs10876308
12	52936453	rs11170170
12	52937287	rs4761802
12	52937951	rs2292505
12	52938364	rs2292507
12	52938497	rs10783518
12	52939407	rs10580903
12	52939765	rs10747641
12	52939828	rs10747642
12	52939994	rs11170171
12	52940597	rs4761926
12	52940729	rs4761927
12	52940752	rs4761803
12	52940958	rs4761928
12	52941784	rs3839975
12	52942235	rs12308719
12	52942301	rs10876309
12	52942694	rs3803085
12	52943144	rs4761930
12	54045187	rs7962971
12	54059281	rs71455254
12	63054660	rs12825098
12	71693878	rs74943407
12	71706704	rs75936855
12	71714346	rs75709810
12	71714936	rs35353047
12	71721085	rs78836778
12	89457700	rs61924948
12	89458133	rs61924949
12	89459034	rs7295950
12	89462175	rs10506961
12	89470371	rs17429545
12	89484638	rs149165112
12	108106915	rs9302
12	124826462	rs2229840
12	130572485	rs10847997
12	130572651	rs374389872;rs10773729
12	130578130	rs7295050
13	30734645	rs688883
13	30736169	rs671235
13	30797758	rs7987688
13	31037903	rs2249825
13	31072636	rs61947766
13	31073117	rs12583377
13	31073866	rs9579586
13	31075878	rs9579587
14	30548135	rs417054
14	30549848	rs225847
14	30550921	rs225844
14	30558857	rs112096298
14	69170714	rs35545479
14	70083440	rs61980729
14	70086874	rs34686932
14	70091131	rs61980730
14	70105970	rs60716885
14	70117364	rs945308
14	70131634	rs1275745
14	70133145	rs1275746
14	70140970	rs1743379
14	70142781	rs2210803
14	70143124	rs945312
14	70146198	rs4902745
14	70149434	rs6573900
14	95248968	rs11625527
14	101911035	rs12431510
14	101916021	rs8013347
15	33260973	rs150962800
15	33365618	rs11636433
15	57538740	rs5812875
15	57541904	rs997683
15	57547021	rs55950903
15	57559387	rs7180558
15	57571419	rs11320909
15	60841275	rs2028122
15	61006072	rs35853378
15	61168183	rs77951645
15	67527968	rs12592388
15	67550432	rs11631135
15	67573575	rs55885982
15	67574688	rs13379644
15	67580081	rs12591763
15	67580507	rs8038739
15	67585461	rs1037039
15	67585687	rs8040514
15	67596215	rs8027755
15	67598019	rs8038883
15	67607320	rs4641686
15	67621247	rs55832357
15	67632927	rs6494650
15	67638888	rs2120836
15	67639327	rs8043518
15	67639493	rs55962710
15	67650095	rs869305
15	67661625	rs7178870
15	70036589	rs11854396
15	70048157	rs10152591
15	91009484	rs2074585
15	91426560	rs4702
15	101227478	rs1808890
16	347063	rs117208012
16	9147012	rs12447637
16	9149649	rs8048793
16	9149664	rs8053868
16	14388305	rs1659127
16	21630698	rs42750
16	21639322	rs226008
16	21643477	rs226010
16	21647769	rs8045107
16	21651525	rs9921724
16	49884530	rs28633718
16	49884569	rs12923943
16	49885062	rs11641753
16	49885737	rs1362622
16	67356968	rs74845115
16	67383004	rs80174098
16	67384890	rs146952984
16	67416682	rs148040286
16	67418957	rs16957415
16	80575709	rs10781994
16	80851978	rs117538856
16	85319399	rs12447206
16	90024202	rs8049897
17	2161604	rs142426495
17	2168670	rs141630655
17	2171637	rs17761864
17	12263589	rs2240553
17	12264477	rs2240554
17	12412043	rs237362
17	12457593	rs72809175
17	12459633	rs61392671
17	39634576	rs7220061
17	39634625	rs7216017
17	39636432	rs8081304
17	39637244	rs743686
17	39925713	rs41283425
17	44787130	rs34565941
17	44792632	rs10491141
17	44793606	rs2316278
17	44794848	rs34720194
17	44797820	rs12947457
17	44800046	rs7224296
17	44814132	rs6503809
17	44819519	rs8065602
17	44835495	rs16941674
17	44836302	rs9912530
17	47975539	rs62077365
17	47976515	rs112716450
17	47976847	rs6504625
17	47977040	rs7221489
17	47977927	rs7207329
17	55227609	rs8064252
17	55227670	rs8081915
17	55227770	rs4794703
17	55228288	rs4452017
17	55228362	rs4284702
17	55228401	rs8067946
17	55228410	rs145273475
17	55228517	rs34773938
17	55228574	rs17220621
17	55228627	rs35479111
17	55228675	rs62060346
17	55228702	rs62060347
17	55228728	rs62060348
17	55230978	rs17220628
17	55231585	rs35201177
17	55232239	rs35617723
17	55260623	rs118013016
17	63449559	rs72863505
17	63677823	rs232107
17	63678089	rs232108
17	63678835	rs232110
17	63679568	rs232112
17	63680203	rs232114
17	63681770	rs232116
17	63682825	rs232117
17	63683226	rs232118
17	63683775	rs232120
17	63684266	rs232122
17	63686749	rs232125
17	63822357	rs62065084
17	63822828	rs62065085
17	63916674	rs9675105
17	79329094	rs62072909
18	3457606	rs4468717
18	9971288	rs29074
18	10090842	rs11661314
18	10354320	rs100879
18	10354902	rs206434
18	10355700	rs206433
18	10357180	rs206430
18	10361084	rs375906
18	10396160	rs206528
18	10396374	rs206527
18	10433382	rs12955584
18	10433879	rs12956103
18	22862048	rs11660508
18	42437417	rs610470
18	42440538	rs1276250
18	42442139	rs684329
18	42446447	rs627840
18	42447532	rs665119
18	42663382	rs4890510
18	42800148	rs10502861
18	42802654	rs11302002
18	42804140	rs1350905
18	42804399	rs1350904
18	42804525	rs12606816
18	42807933	rs12959797
18	42808059	rs34800162
18	43153949	rs10502868
18	46359103	rs75334395
18	49002466	rs1869844
18	49002679	rs1869843
18	53150076	rs2958183
18	53151851	rs2958184
18	53153117	rs2924332
18	53159541	rs2060889
18	53161930	rs2924335
18	53210302	rs613872
18	53454041	rs56056732
18	53454066	rs56152138
18	60943095	rs3810031
19	5961883	rs551244
19	31194253	rs10413544
19	31194640	rs4805601
19	33842280	rs17601990
19	33845598	rs17529948
19	33846072	rs61397480
19	41847860	rs1800472
19	41928724	rs284654
19	42808343	rs10412833
19	42810181	rs1676217
19	42810546	rs7246789
19	48140308	rs2974211
19	48143623	rs2911004
19	58058536	rs1548476
20	10535226	rs599496
20	10541988	rs6040023
20	10548185	rs687963
20	10551553	rs857000
20	10552650	rs600045
20	11162761	rs6074259
20	21844694	rs1014884
20	21870491	rs6035977
20	21876486	rs2328679
20	21999414	rs79129996
20	22033819	rs201593
20	22034671	rs201594
20	22036811	rs2876631
20	22037575	rs6047844
20	22304725	rs79030562
20	31458773	rs6058922
20	31459562	rs13037833
20	31460076	rs11697394
20	31460244	rs11700082
20	31460718	rs12625153
20	31464467	rs6058924
20	31465374	rs6058925
20	31465450	rs6058926
20	32819871	rs6142129
20	32825638	rs6087567
20	39832628	rs17265513
20	45602129	rs11697925
20	45602193	rs13042954
20	55348292	rs6025153
20	55386751	rs6069892
20	55407084	rs11696472
20	55434683	rs985546
20	55443070	rs11696891
20	55623190	rs4811791
21	36208062	rs9976946
21	36208167	rs68088846
21	36236516	rs2268290
21	44629340	rs115557929
21	45935196	rs79628306
21	46172675	rs690333
21	46172807	rs690321
21	46172835	rs690318
21	46173028	rs664353
21	46173323	rs61060713
21	46173326	rs58947662
21	46174051	rs689983
22	27864440	rs5762172
22	27864471	rs5762173
22	27864890	rs6005455
22	29162094	rs59297679
22	29196494	rs5762809
22	29196843	rs2269578
22	29200117	rs5762812
22	29206209	rs5762816
22	29214606	rs2301428
22	29234537	rs2881634
22	29235973	rs5752816
22	29237958	rs60468718
22	29247097	rs5762857
22	29256093	rs34206997
22	29525126	rs132274
22	29526197	rs132275
22	35882540	rs28620356
22	35887009	rs4821400
22	45724727	rs6007592
22	45725106	rs6006988
22	45725276	rs2350628
22	45728163	rs67515296
22	45728370	rs6007594
22	46364161	rs9330813
