lead_chr	lead_snp	lead_bp
1	rs78056657	8226088
1	rs72857049	10647924
1	rs284298	10710255
1	rs60449700	10752990
1	rs11121667	11038476
1	rs139527123	16727305
1	rs12747397	21632187
1	rs11249164	25022871
1	rs9438874	25222945
1	rs79211218	25257753
1	rs11249205	25266476
1	rs10903122	25303576
1	rs11249236	25333429
1	rs12735622	25465981
1	rs926462	25486299
1	rs11247920	26665478
1	rs61776719	38461319
1	rs2294814	40319587
1	rs12120974	41365445
1	rs12026763	41366059
1	rs11211540	47950551
1	rs647932	47984438
1	rs471608	47984692
1	rs2784128	50862183
1	rs12081852	54015832
1	rs61770270	54024086
1	rs797896	54208835
1	rs10489603	94332151
1	rs9661113	118799439
1	rs4399141	118858588
1	rs12735613	118883973
1	rs2208393	118934861
1	rs28653656	119486430
1	rs12141651	119492703
1	rs17023135	119581151
1	rs11205303	149906413
1	rs36010924	152088844
1	rs12043009	153234295
1	rs11264680	153926078
1	rs1890067	164127185
1	rs68096672	164480414
1	rs12402920	164492154
1	rs1770550	164603787
1	rs12139302	170318431
1	rs10800542	170764915
1	rs16843807	198745722
1	rs35383942	201437832
1	rs116315504	203790079
1	rs28601717	210000390
1	rs17734758	214678480
1	rs993925	218860068
1	rs10863501	219961727
1	rs10916360	228849228
2	rs452738	6564775
2	rs7584450	13089072
2	rs11127140	28474423
2	rs34113782	30591002
2	rs113017476	31989359
2	rs13012995	32007497
2	rs11678176	42202161
2	rs7593137	43254399
2	rs6732426	43587504
2	rs17030845	43687879
2	rs10199082	56040099
2	rs34607367	60534455
2	rs17402905	60660308
2	rs6731529	67687629
2	rs1393823	68082046
2	rs6757022	68160635
2	rs7573022	68164262
2	rs14234	70524142
2	rs6738560	145634153
2	rs76536316	174276685
2	rs77375770	174314025
2	rs16862069	174607506
2	rs861770	176992220
2	rs6710142	177054769
2	rs17805814	177091804
2	rs16863925	177396517
2	rs13030550	177605388
2	rs6710025	177804702
2	rs6729234	177903423
2	rs1521882	202949851
2	rs1861386	206599428
2	rs121908120	219755011
2	rs7349332	219756383
2	rs7560114	223056083
2	rs1549773	223095968
2	rs12987949	232367511
2	rs907107	239565780
2	rs11684254	239695893
2	rs72986341	239731775
2	rs4075018	239949681
2	rs3791382	240018812
2	rs3791553	240109477
2	rs11674831	241289954
2	rs7606292	241364577
3	rs6767049	20220712
3	rs62244772	30514360
3	rs6770252	41364241
3	rs4128558	65035968
3	rs9846246	107424090
3	rs7652704	110190125
3	rs114298191	114084867
3	rs9837485	114106253
3	rs11714936	125926638
3	rs6785553	125990422
3	rs6764427	126070126
3	rs1107350	126096087
3	rs6773789	126708453
3	rs9819988	135624570
3	rs68035927	138649661
3	rs1511412	138713704
3	rs11712639	138973582
3	rs10212419	139004920
3	rs6781671	139030783
3	rs1344672	141125705
3	rs16863765	151674477
3	rs12485882	151766892
3	rs833270	181520166
3	rs9834564	181629223
3	rs73189972	182226557
3	rs1457566	182245153
3	rs3109219	182302081
3	rs62293004	182350796
3	rs73207484	193489403
4	rs4864709	53879085
4	rs6849381	54524848
4	rs4865011	56420623
4	rs16850862	75158520
4	rs10805076	75382198
4	rs72658309	81164832
4	rs7681907	81205868
4	rs72860710	81304724
4	rs13107325	103188709
4	rs2903421	107370685
4	rs17358433	107502909
4	rs114223960	107879506
4	rs4956279	107948044
4	rs78680444	108104916
4	rs76001808	124480343
4	rs62320367	125123223
4	rs10519717	145480340
4	rs9999331	154379959
5	rs17217096	39989758
5	rs72752106	44587423
5	rs6892809	57111084
5	rs10061189	57351600
5	rs10038497	67272056
5	rs1366594	88376061
5	rs2607279	92719714
5	rs35658696	102338811
5	rs335147	122444837
5	rs335172	122481271
5	rs2706379	131805735
5	rs72801474	132444128
5	rs10037652	153846868
5	rs4958746	153939575
5	rs75394533	157490265
5	rs3117720	157490835
5	rs10045014	157878160
5	rs115217366	158031710
5	rs824848	158086455
5	rs17634544	158173133
5	rs11954193	158256118
5	rs2072495	158296996
5	rs11134748	171852179
5	rs629241	177933945
6	rs12203592	396321
6	rs75294181	1367583
6	rs11753773	1408677
6	rs11965881	4391550
6	rs2007513	4608253
6	rs12530084	7214676
6	rs77502195	8968781
6	rs909780	9003456
6	rs384323	9020424
6	rs4626470	9102386
6	rs9366418	9269394
6	rs2327165	9329793
6	rs1003063	9487676
6	rs9369575	9506817
6	rs1543353	9586813
6	rs12154211	9635962
6	rs72834043	10236775
6	rs654340	10415001
6	rs16878941	16741316
6	rs13199422	21857511
6	rs9368368	21912632
6	rs1328480	21926318
6	rs2025431	37790385
6	rs1853835	41427582
6	rs4711793	44631292
6	rs1748238	45143329
6	rs10948253	45734004
6	rs7773154	85727796
6	rs9376959	100845429
6	rs1040664	105995548
6	rs6934122	105997617
6	rs2013092	106040613
6	rs1948999	106205297
6	rs17066312	106244548
6	rs1995757	106256566
6	rs78415721	106317587
6	rs78834704	106606843
6	rs34530632	111776335
6	rs2237251	111985120
6	rs3730353	111995666
6	rs1334425	125312650
6	rs1353197	125776333
6	rs10872307	126454153
6	rs1361108	126767600
6	rs113898003	130341235
6	rs9483210	131388024
6	rs6922541	135482819
6	rs1021544	170475104
7	rs73041896	523267
7	rs9692205	542791
7	rs9801236	564083
7	rs801525	18710388
7	rs12672843	18889166
7	rs6951745	18911957
7	rs10264621	18957353
7	rs432	19038332
7	rs10275030	19130599
7	rs17436053	19137228
7	rs17140672	19141259
7	rs73325511	19145326
7	rs1129771	26765596
7	rs4722897	29332233
7	rs35455805	46678886
7	rs9791388	46866208
7	rs4573161	46888951
7	rs28757789	47041825
7	rs6950087	68595572
7	rs1195227	68616110
7	rs10950188	68897139
7	rs4717829	73301666
7	rs1403789	85090511
7	rs34058491	90952035
7	rs954758	101412889
7	rs10954300	130761235
7	rs11763660	130997997
7	rs62491425	139851684
7	rs12703730	140002317
7	rs2252397	140225750
7	rs7792965	148628362
8	rs9694643	29651779
8	rs2595041	29852712
8	rs6993709	77671720
8	rs2126076	101033737
8	rs601558	108970367
8	rs117954051	109067613
8	rs1041791	109112070
8	rs118013985	109394188
8	rs77901450	109677252
8	rs800895	116436385
8	rs976305	116900786
8	rs2205262	117011884
8	rs10090449	117225989
8	rs4437656	122644687
8	rs10105106	125989649
8	rs74847845	129725160
8	rs987525	129946154
8	rs10956486	130699140
9	rs542669	224367
9	rs35880221	3906221
9	rs10118298	5845546
9	rs62532649	13097571
9	rs7037490	38085784
9	rs7853366	75200657
9	rs79880466	77139698
9	rs75206074	77237185
9	rs7039108	82333010
9	rs11138885	83488864
9	rs10761362	97647314
9	rs7025609	100724791
9	rs17723637	109687403
9	rs10114192	111622064
9	rs10981924	116546611
9	rs12683020	116814661
9	rs10985855	125766446
9	rs12344562	126811296
9	rs73668020	129164360
9	rs10901333	133927878
10	rs71477837	3826151
10	rs7910776	32639093
10	rs7905367	54334653
10	rs1125411	62909319
10	rs10762668	77235702
10	rs4145021	77713225
10	rs117246174	78171666
10	rs1873465	78189959
10	rs17380920	78197583
10	rs11001989	78808156
10	rs10762765	79566407
10	rs78981286	80513349
10	rs10509543	90072352
10	rs171445	119264941
10	rs4962683	126371957
10	rs17152246	126412475
11	rs34717439	27390144
11	rs11029986	27401389
11	rs4379834	44158438
11	rs7114410	44379825
11	rs75892030	44384819
11	rs2863081	44431807
11	rs60090698	44444702
11	rs56067375	56431834
11	rs1535	61597972
11	rs593982	65513107
11	rs7481709	69084550
11	rs7394746	69262428
11	rs559664	69332260
11	rs486510	122011855
11	rs4937126	126281897
12	rs34372334	12267823
12	rs7954168	12434997
12	rs3213764	14587301
12	rs11045347	20782116
12	rs9668810	26426420
12	rs2171522	26476562
12	rs258396	28005654
12	rs10843026	28093612
12	rs805512	28118847
12	rs7135789	29167489
12	rs2731443	51094138
12	rs417915	52842074
12	rs10876307	52933917
12	rs71455254	54059281
12	rs57281063	54660427
12	rs1140648	57593101
12	rs12825098	63054660
12	rs10878641	68045403
12	rs78836778	71721085
12	rs61924949	89458133
12	rs9302	108106915
12	rs7297342	108722428
12	rs2229840	124826462
12	rs10847997	130572485
12	rs7295050	130578130
13	rs688883	30734645
13	rs7987688	30797758
13	rs2249825	31037903
13	rs61947766	31072636
13	rs7985160	42083234
14	rs225844	30550921
14	rs1275745	70131634
14	rs11625527	95248968
14	rs8013347	101916021
15	rs150962800	33260973
15	rs11636433	33365618
15	rs8034744	57502053
15	rs2028122	60841275
15	rs35853378	61006072
15	rs77951645	61168183
15	rs4776905	67500330
15	rs11854396	70036589
15	rs10152591	70048157
15	rs2074585	91009484
15	rs4702	91426560
15	rs12719740	99072905
16	rs117208012	347063
16	rs66859825	3009465
16	rs8048793	9149649
16	rs17523609	11680921
16	rs1659127	14388305
16	rs226008	21639322
16	rs11641753	49885062
16	rs5030980	67516945
16	rs4889110	80182097
16	rs10781994	80575709
16	rs117538856	80851978
16	rs12447206	85319399
16	rs8049897	90024202
17	rs17761864	2171637
17	rs2240553	12263589
17	rs237362	12412043
17	rs61392671	12459633
17	rs72821893	38907448
17	rs72830046	39620565
17	rs41283425	39925713
17	rs1044977	43227214
17	rs199456	44797919
17	rs199511	44857756
17	rs271656	48009459
17	rs8064252	55227609
17	rs35617723	55232239
17	rs118013016	55260623
17	rs72863505	63449559
17	rs232116	63681770
17	rs62065084	63822357
17	rs9675105	63916674
17	rs62072909	79329094
18	rs29074	9971288
18	rs11661314	10090842
18	rs206434	10354902
18	rs206528	10396160
18	rs12955584	10433382
18	rs11660508	22862048
18	rs610470	42437417
18	rs4890510	42663382
18	rs34800162	42808059
18	rs10502868	43153949
18	rs75334395	46359103
18	rs1869844	49002466
18	rs2958183	53150076
18	rs1452787	53207207
18	rs635654	54189611
18	rs117997962	60853255
18	rs8088662	60928341
18	rs3810031	60943095
19	rs76578931	2123328
19	rs10424436	3317215
19	rs551244	5961883
19	rs4805601	31194640
19	rs17529948	33845598
19	rs1800472	41847860
19	rs1043413	41939297
19	rs1676217	42810181
19	rs2974211	48140308
20	rs8118315	4161500
20	rs6074259	11162761
20	rs111261756	21457151
20	rs1014884	21844694
20	rs79129996	21999414
20	rs6047844	22037575
20	rs79030562	22304725
20	rs2424993	33104592
20	rs17265513	39832628
20	rs13042954	45602193
20	rs6025075	55269506
20	rs6064444	55312778
20	rs2093283	55362831
20	rs11696472	55407084
20	rs985546	55434683
20	rs11696891	55443070
20	rs4811791	55623190
21	rs9976946	36208062
21	rs68088846	36208167
21	rs2268290	36236516
21	rs115557929	44629340
21	rs79628306	45935196
21	rs690333	46172675
22	rs5762173	27864471
22	rs5762857	29247097
22	rs33958791	29524534
22	rs28637837	35877611
22	rs6007594	45728370
22	rs9330813	46364161
